"Year","Player Name","Position","Team","Hits (H)","Runs Scored (R)","Total Bases (TB)","Runs Batted In (RBI)","Walks (BB)","Intentional Walks (IBB)","Strikeouts (K)","Stolen Bases (SB)","Fantasy Points (FPTS)"
"2023","Ronald Acuna Jr.","OF","Atlanta Braves",217,149,383,106,80,3,84,73,1080
"2024","Shohei Ohtani","DH","Los Angeles Dodgers",197,134,411,130,81,10,162,59,1000
"2024","Aaron Judge","OF","New York Yankees",180,122,392,144,133,20,171,10,973
"2025","Aaron Judge","OF","New York Yankees",179,137,372,114,124,36,160,12,950
"2024","Bobby Witt Jr.","SS","Kansas City Royals",211,125,374,109,57,9,106,31,898
"2025","Shohei Ohtani","DH","Los Angeles Dodgers",172,146,380,102,109,20,187,20,891
"2023","Freddie Freeman","1B","Los Angeles Dodgers",211,131,361,102,72,12,121,23,886
"2024","Juan Soto","OF","New York Yankees",166,128,328,109,129,2,119,7,886
"2025","Juan Soto","OF","New York Mets",152,120,303,105,127,13,137,38,886
"2023","Mookie Betts","OF","Los Angeles Dodgers",179,126,338,107,96,3,107,14,866
"2024","Jose Ramirez","3B","Cleveland Guardians",173,114,333,118,54,12,82,41,858
"2023","Matt Olson","1B","Atlanta Braves",172,127,367,139,104,8,167,1,856
"2023","Juan Soto","OF","San Diego Padres",156,97,295,109,132,11,129,12,827
"2025","Jose Ramirez","3B","Cleveland Guardians",168,103,298,85,66,22,74,44,822
"2025","Geraldo Perdomo","SS","Arizona Diamondbacks",173,98,276,100,94,1,83,27,807
"2023","Kyle Tucker","OF","Houston Astros",163,97,297,112,80,9,92,30,806
"2024","Vladimir Guerrero Jr.","1B","Toronto Blue Jays",199,98,335,103,72,12,96,2,799
"2023","Marcus Semien","2B","Texas Rangers",185,122,320,100,72,1,110,14,790
"2025","Cal Raleigh","C","Seattle Mariners",147,110,351,125,97,17,188,14,784
"2023","Jose Ramirez","3B","Cleveland Guardians",172,87,290,80,73,22,73,28,780
"2023","Shohei Ohtani","DH","Los Angeles Angels",151,102,325,95,91,21,143,20,773
"2025","Kyle Schwarber","DH","Philadelphia Phillies",145,111,340,132,108,6,197,10,773
"2024","Gunnar Henderson","SS","Baltimore Orioles",177,118,333,92,78,1,159,21,760
"2023","Bobby Witt Jr.","SS","Kansas City Royals",177,97,317,96,40,1,121,49,745
"2023","Alex Bregman","3B","Houston Astros",163,103,274,98,92,1,87,3,742
"2025","Bobby Witt Jr.","SS","Kansas City Royals",184,99,312,88,49,8,125,38,740
"2025","Francisco Lindor","SS","New York Mets",172,117,300,86,65,2,131,31,738
"2023","Corbin Carroll","OF","Arizona Diamondbacks",161,116,286,76,57,1,125,54,737
"2024","Yordan Alvarez","DH","Houston Astros",170,88,313,86,69,16,95,6,728
"2025","Fernando Tatis Jr.","OF","San Diego Padres",159,111,265,71,89,7,129,32,726
"2024","Jarren Duran","OF","Boston Red Sox",191,111,330,75,54,1,160,34,724
"2024","Francisco Lindor","SS","New York Mets",169,107,309,91,56,0,127,29,719
"2025","Vladimir Guerrero Jr.","1B","Toronto Blue Jays",172,96,275,84,81,8,94,6,715
"2023","Julio Rodriguez","OF","Seattle Mariners",180,102,317,103,47,6,175,37,701
"2023","Francisco Lindor","SS","New York Mets",153,108,283,98,66,1,137,31,700
"2024","Marcell Ozuna","DH","Atlanta Braves",183,96,331,104,74,2,170,1,696
"2025","Rafael Devers","DH","San Francisco Giants",153,99,291,109,112,10,192,1,696
"2023","Ozzie Albies","2B","Atlanta Braves",167,96,306,109,46,2,107,13,691
"2025","Corbin Carroll","OF","Arizona Diamondbacks",146,107,305,84,67,4,153,32,691
"2025","George Springer","DH","Toronto Blue Jays",154,106,279,84,69,3,111,18,689
"2024","Elly De La Cruz","SS","Cincinnati Reds",160,105,291,76,69,2,218,67,688
"2025","Julio Rodriguez","OF","Seattle Mariners",174,106,309,95,44,5,152,30,685
"2025","Cody Bellinger","OF","New York Yankees",160,89,282,98,57,1,90,13,680
"2023","Nico Hoerner","2B","Chicago Cubs",175,98,237,68,49,0,83,43,679
"2025","Maikel Garcia","3B","Kansas City Royals",170,81,267,74,62,0,84,23,678
"2023","Austin Riley","3B","Atlanta Braves",179,117,328,97,59,4,172,3,677
"2025","Pete Alonso","1B","New York Mets",170,87,327,126,61,5,162,1,677
"2024","William Contreras","C","Milwaukee Brewers",167,99,277,92,78,5,139,9,675
"2025","Matt Olson","1B","Atlanta Braves",170,98,302,95,91,2,176,1,675
"2023","Adley Rutschman","C","Baltimore Orioles",163,84,256,80,92,6,101,1,674
"2025","Kyle Tucker","OF","Chicago Cubs",133,91,232,73,87,7,88,25,672
"2024","Jurickson Profar","OF","San Diego Padres",158,94,259,85,76,4,101,10,671
"2024","Corbin Carroll","OF","Arizona Diamondbacks",136,121,252,74,73,0,130,35,669
"2025","Elly De La Cruz","SS","Cincinnati Reds",166,102,277,86,67,10,181,37,668
"2023","Luis Arraez","2B","Miami Marlins",203,71,269,69,35,10,34,3,664
"2024","Freddie Freeman","1B","Los Angeles Dodgers",153,81,258,89,78,9,100,9,664
"2023","Steven Kwan","OF","Cleveland Guardians",171,93,236,54,70,2,75,21,663
"2024","Kyle Schwarber","DH","Philadelphia Phillies",142,110,278,104,106,4,197,5,663
"2025","Trea Turner","SS","Philadelphia Phillies",179,94,269,69,43,1,107,36,663
"2024","Ketel Marte","2B","Arizona Diamondbacks",147,93,282,95,65,7,106,7,662
"2025","Josh Naylor","1B","Seattle Mariners",160,81,251,92,48,4,83,30,661
"2023","Corey Seager","SS","Texas Rangers",156,88,297,96,49,9,88,2,660
"2023","Christian Yelich","OF","Milwaukee Brewers",153,106,246,76,78,7,140,28,660
"2023","Ketel Marte","2B","Arizona Diamondbacks",157,94,276,82,71,2,109,8,660
"2024","Willy Adames","SS","Milwaukee Brewers",153,93,282,112,74,3,173,21,660
"2024","Bryce Harper","1B","Philadelphia Phillies",157,85,289,87,76,11,138,7,657
"2023","Yandy Diaz","1B","Tampa Bay Rays",173,95,274,78,65,0,94,0,656
"2025","Junior Caminero","3B","Tampa Bay Rays",159,93,322,110,41,1,125,7,656
"2023","Rafael Devers","3B","Boston Red Sox",157,90,290,100,62,10,126,5,655
"2023","Gleyber Torres","2B","New York Yankees",163,90,270,68,67,0,98,13,653
"2025","Nico Hoerner","2B","Chicago Cubs",178,89,236,61,39,1,49,29,652
"2023","Christian Walker","1B","Arizona Diamondbacks",150,86,289,103,62,3,127,11,650
"2025","Yandy Diaz","DH","Tampa Bay Rays",175,79,281,83,57,4,92,3,650
"2025","Manny Machado","3B","San Diego Padres",169,91,283,95,55,4,131,14,649
"2023","Vladimir Guerrero Jr.","1B","Toronto Blue Jays",159,78,267,94,67,5,100,5,647
"2023","Kyle Schwarber","OF","Philadelphia Phillies",115,108,277,104,126,5,215,0,646
"2023","Cody Bellinger","OF","Chicago Cubs",153,95,262,97,40,3,87,20,643
"2023","Trea Turner","SS","Philadelphia Phillies",170,102,293,76,45,2,150,30,643
"2025","Vinnie Pasquantino","1B","Kansas City Royals",164,72,295,113,49,5,107,1,642
"2024","Jose Altuve","2B","Houston Astros",185,94,276,65,47,2,119,22,641
"2025","Mookie Betts","SS","Los Angeles Dodgers",152,95,239,82,61,2,68,8,640
"2023","Ian Happ","OF","Chicago Cubs",144,86,250,84,99,2,153,14,639
"2025","Brent Rooker","DH","Athletics",164,92,300,89,65,4,155,6,636
"2025","Steven Kwan","OF","Cleveland Guardians",170,81,234,56,55,2,60,21,635
"2023","Paul Goldschmidt","1B","St. Louis Cardinals",159,89,265,80,87,6,161,11,634
"2025","Bo Bichette","SS","Toronto Blue Jays",181,78,281,94,40,2,91,4,633
"2025","Brice Turang","2B","Milwaukee Brewers",168,97,254,81,66,1,150,24,631
"2024","Brent Rooker","DH","Athletics",160,82,307,112,59,4,177,11,628
"2024","Anthony Santander","OF","Baltimore Orioles",140,91,301,102,58,3,129,2,628
"2025","Freddie Freeman","1B","Los Angeles Dodgers",164,81,279,90,60,7,128,6,625
"2024","Marcus Semien","2B","Texas Rangers",154,101,254,74,64,2,105,8,624
"2025","Luis Arraez","1B","San Diego Padres",181,66,243,61,34,0,21,11,620
"2024","Luis Arraez","1B","San Diego Padres",200,83,250,46,24,3,29,9,619
"2024","Manny Machado","3B","San Diego Padres",163,77,280,105,45,6,124,11,619
"2023","Nathaniel Lowe","1B","Texas Rangers",163,89,258,82,93,2,165,1,617
"2025","Gunnar Henderson","SS","Baltimore Orioles",158,85,253,68,62,6,137,30,617
"2024","Josh Naylor","1B","Cleveland Guardians",137,84,257,108,58,7,105,6,616
"2023","Spencer Steer","1B","Cincinnati Reds",158,74,270,86,68,0,139,15,615
"2023","Xander Bogaerts","SS","San Diego Padres",170,83,262,58,56,0,110,19,613
"2023","Pete Alonso","1B","New York Mets",123,92,286,118,65,6,151,4,612
"2023","Marcell Ozuna","DH","Atlanta Braves",145,84,296,100,57,1,134,0,606
"2023","Adolis Garcia","OF","Texas Rangers",136,108,282,107,65,0,175,9,606
"2025","James Wood","OF","Washington Nationals",153,87,284,94,85,8,221,15,605
"2023","Brandon Nimmo","OF","New York Mets",162,89,276,68,74,0,146,3,603
"2023","J.P. Crawford","SS","Seattle Mariners",142,94,234,65,94,1,125,2,603
"2025","Jarren Duran","OF","Boston Red Sox",159,86,274,84,60,1,169,24,603
"2025","Ketel Marte","2B","Arizona Diamondbacks",136,87,248,72,64,6,83,4,602
"2025","William Contreras","C","Milwaukee Brewers",147,89,226,76,84,4,120,6,602
"2023","Ha-Seong Kim","2B","San Diego Padres",140,84,214,60,75,1,124,38,601
"2023","George Springer","OF","Toronto Blue Jays",158,87,248,72,60,1,125,20,601
"2023","Randy Arozarena","OF","Tampa Bay Rays",140,95,234,83,80,1,156,22,601
"2024","Mookie Betts","SS","Los Angeles Dodgers",130,75,221,75,61,2,57,16,600
"2025","Christian Yelich","DH","Milwaukee Brewers",151,88,259,103,64,6,167,16,600
"2025","Jose Altuve","2B","Houston Astros",156,80,260,77,55,5,109,10,599
"2023","Fernando Tatis Jr.","OF","San Diego Padres",148,91,258,78,53,0,141,29,598
"2024","Jackson Merrill","OF","San Diego Padres",162,77,277,90,29,1,101,16,596
"2024","Nico Hoerner","2B","Chicago Cubs",159,86,217,48,44,1,66,31,595
"2024","Bryan Reynolds","OF","Pittsburgh Pirates",171,73,278,88,57,3,156,10,591
"2024","Rafael Devers","3B","Boston Red Sox",143,87,271,83,67,14,147,3,591
"2023","Bryson Stott","2B","Philadelphia Phillies",164,78,245,62,39,1,100,31,590
"2023","Justin Turner","DH","Boston Red Sox",154,86,254,96,51,0,110,4,590
"2025","Pete Crow-Armstrong","OF","Chicago Cubs",146,91,284,95,29,1,155,35,590
"2023","Bryce Harper","DH","Philadelphia Phillies",134,84,228,72,80,8,119,11,589
"2024","Matt Chapman","3B","San Francisco Giants",142,98,266,78,64,3,158,15,587
"2023","Lane Thomas","OF","Washington Nationals",168,101,294,86,36,0,176,20,585
"2023","Yordan Alvarez","DH","Houston Astros",120,77,239,97,69,5,92,0,584
"2024","Spencer Steer","OF","Cincinnati Reds",129,74,231,92,72,1,137,25,584
"2024","Teoscar Hernandez","OF","Los Angeles Dodgers",160,84,295,99,53,3,188,12,583
"2024","Ian Happ","OF","Chicago Cubs",138,89,251,86,80,1,168,13,583
"2024","Pete Alonso","1B","New York Mets",146,91,279,88,70,4,172,3,582
"2023","William Contreras","C","Milwaukee Brewers",156,86,247,78,63,2,126,6,581
"2025","Seiya Suzuki","DH","Chicago Cubs",140,75,273,103,71,1,164,5,580
"2025","Ian Happ","OF","Chicago Cubs",138,87,239,79,87,2,151,6,580
"2025","Taylor Ward","OF","Los Angeles Angels",132,86,275,103,75,1,175,4,580
"2025","Randy Arozarena","OF","Seattle Mariners",146,95,261,76,64,2,191,31,579
"2023","Bryan Reynolds","OF","Pittsburgh Pirates",151,85,264,84,53,2,138,12,578
"2024","Alex Bregman","3B","Houston Astros",151,79,263,75,44,1,86,3,577
"2023","Anthony Santander","OF","Baltimore Orioles",152,81,279,95,55,1,152,5,576
"2025","Tyler Soderstrom","OF","Athletics",155,75,266,93,55,2,141,8,576
"2025","TJ Friedl","OF","Cincinnati Reds",151,82,219,53,81,0,115,12,576
"2024","Jazz Chisholm Jr.","3B","New York Yankees",144,74,245,73,53,5,152,40,575
"2024","Matt Olson","1B","Atlanta Braves",148,78,274,98,71,5,170,0,575
"2023","Gunnar Henderson","3B","Baltimore Orioles",143,100,274,82,56,1,159,10,573
"2025","Gleyber Torres","2B","Detroit Tigers",136,79,206,74,85,0,101,4,572
"2025","Bryce Harper","1B","Philadelphia Phillies",131,72,244,75,70,6,121,12,571
"2023","Carlos Santana","1B","Milwaukee Brewers",132,78,236,86,65,0,104,6,570
"2025","Willy Adames","SS","San Francisco Giants",133,94,249,87,80,2,179,12,570
"2024","Brendan Donovan","OF","St. Louis Cardinals",163,65,245,73,47,0,81,5,569
"2025","Brandon Nimmo","OF","New York Mets",154,81,256,92,50,1,141,13,569
"2024","Alec Bohm","3B","Philadelphia Phillies",155,62,248,97,40,2,86,5,568
"2023","Alec Bohm","3B","Philadelphia Phillies",153,74,244,97,42,1,94,4,567
"2025","Trevor Story","SS","Boston Red Sox",161,91,265,96,33,1,176,31,566
"2025","Byron Buxton","OF","Minnesota Twins",129,97,269,83,41,5,148,24,565
"2025","CJ Abrams","SS","Washington Nationals",149,92,251,60,37,1,125,31,564
"2023","Spencer Torkelson","1B","Detroit Tigers",141,88,270,94,67,1,171,3,563
"2023","TJ Friedl","OF","Cincinnati Reds",136,73,228,66,47,1,90,27,562
"2023","Nick Castellanos","OF","Philadelphia Phillies",170,79,298,106,36,0,185,11,562
"2023","Nolan Arenado","3B","St. Louis Cardinals",149,71,257,93,41,5,101,3,562
"2024","Brice Turang","2B","Milwaukee Brewers",142,72,195,57,50,1,105,50,562
"2025","Michael Busch","1B","Chicago Cubs",137,78,274,90,56,2,139,4,562
"2024","Brandon Nimmo","OF","New York Mets",128,88,228,90,77,1,158,15,561
"2023","CJ Abrams","SS","Washington Nationals",138,83,232,64,32,2,118,47,559
"2024","Salvador Perez","C","Kansas City Royals",160,58,269,104,44,9,129,0,559
"2025","Ozzie Albies","2B","Atlanta Braves",145,74,220,74,55,2,94,14,559
"2025","Eugenio Suarez","3B","Seattle Mariners",134,91,309,118,46,2,196,4,558
"2025","Sal Frelick","OF","Milwaukee Brewers",152,76,214,63,47,0,80,19,557
"2023","Manny Machado","3B","San Diego Padres",140,75,251,91,50,1,109,3,555
"2023","Max Muncy","3B","Los Angeles Dodgers",102,95,229,105,85,4,153,1,554
"2024","Jackson Chourio","OF","Milwaukee Brewers",145,80,245,79,39,4,121,22,554
"2024","Steven Kwan","OF","Cleveland Guardians",140,83,204,44,53,0,51,12,550
"2025","Jackson Chourio","OF","Milwaukee Brewers",148,88,254,78,30,1,121,21,550
"2023","Seiya Suzuki","OF","Chicago Cubs",147,75,250,74,59,3,130,6,549
"2025","Jung Hoo Lee","OF","San Francisco Giants",149,73,228,55,47,0,71,10,548
"2023","Isaac Paredes","3B","Tampa Bay Rays",123,71,240,98,58,0,104,1,546
"2024","Jonathan India","2B","Cincinnati Reds",132,84,209,58,80,0,125,13,544
"2023","Luis Robert Jr.","OF","Chicago White Sox",144,90,296,80,30,5,172,20,543
"2023","Jeff McNeil","2B","New York Mets",158,75,221,55,39,0,65,10,542
"2025","Riley Greene","OF","Detroit Tigers",155,84,296,111,46,1,201,2,542
"2025","Xavier Edwards","2B","Miami Marlins",159,75,198,43,49,2,88,27,541
"2023","Masataka Yoshida","OF","Boston Red Sox",155,71,239,72,34,0,81,8,540
"2024","Seiya Suzuki","OF","Chicago Cubs",145,74,247,73,63,3,160,16,540
"2024","Corey Seager","SS","Texas Rangers",132,68,243,74,53,11,96,1,540
"2025","Nick Kurtz","1B","Athletics",122,90,260,86,63,3,151,2,540
"2024","Masyn Winn","SS","St. Louis Cardinals",157,85,244,57,41,1,109,11,539
"2025","Trent Grisham","OF","New York Yankees",116,87,229,74,82,0,137,3,539
"2023","Aaron Judge","OF","New York Yankees",98,79,225,75,88,9,130,3,538
"2024","Alec Burleson","DH","St. Louis Cardinals",147,71,230,78,35,0,76,9,538
"2024","Nick Castellanos","OF","Philadelphia Phillies",154,80,261,86,41,2,139,6,538
"2024","JJ Bleday","OF","Athletics",139,74,250,60,67,2,125,2,538
"2023","Bo Bichette","SS","Toronto Blue Jays",175,69,271,73,27,0,115,5,537
"2024","Brenton Doyle","OF","Colorado Rockies",141,82,242,72,46,1,153,30,537
"2024","Isaac Paredes","3B","Chicago Cubs",129,64,213,80,76,2,105,1,537
"2025","Andy Pages","OF","Los Angeles Dodgers",158,74,268,86,29,0,135,14,537
"2025","Spencer Torkelson","1B","Detroit Tigers",135,82,257,78,72,6,169,2,537
"2023","Josh Naylor","1B","Cleveland Guardians",139,52,221,97,33,9,68,10,536
"2023","Wander Franco","SS","Tampa Bay Rays",124,65,210,58,42,3,69,30,535
"2025","Jeremy Pena","SS","Houston Astros",150,68,235,62,35,2,93,20,534
"2023","Jorge Soler","DH","Miami Marlins",126,77,258,75,66,4,141,1,533
"2024","Yainer Diaz","C","Houston Astros",175,70,258,84,24,1,107,2,533
"2024","Cody Bellinger","OF","Chicago Cubs",137,72,220,78,45,7,89,9,533
"2024","Jake Cronenworth","1B","San Diego Padres",139,72,225,83,61,0,118,5,533
"2025","J.P. Crawford","SS","Seattle Mariners",151,69,211,58,74,1,122,8,532
"2024","Eugenio Suarez","3B","Arizona Diamondbacks",146,90,268,101,49,0,176,2,531
"2024","Adley Rutschman","C","Baltimore Orioles",143,68,223,79,58,3,103,1,531
"2023","Dansby Swanson","SS","Chicago Cubs",138,81,235,80,66,0,154,9,530
"2024","Trea Turner","SS","Philadelphia Phillies",149,88,237,62,27,0,98,19,530
"2024","Nolan Arenado","3B","St. Louis Cardinals",157,70,228,71,44,2,92,2,528
"2024","CJ Abrams","SS","Washington Nationals",133,79,234,65,40,3,128,31,528
"2023","Josh Lowe","OF","Tampa Bay Rays",136,71,233,83,31,2,124,32,527
"2023","Will Smith","C","Los Angeles Dodgers",121,80,203,76,63,2,89,3,525
"2024","Jeremy Pena","SS","Houston Astros",160,78,237,70,25,1,111,20,525
"2024","Vinnie Pasquantino","1B","Kansas City Royals",130,64,221,97,40,1,71,1,524
"2024","Anthony Volpe","SS","New York Yankees",155,90,232,60,42,1,156,28,522
"2024","Zach Neto","SS","Los Angeles Angels",135,70,240,77,39,1,140,30,521
"2024","Maikel Garcia","3B","Kansas City Royals",133,84,191,58,42,0,103,37,521
"2025","Bryson Stott","2B","Philadelphia Phillies",128,66,195,66,54,1,91,24,521
"2025","Heliot Ramos","OF","San Francisco Giants",159,85,248,69,52,2,158,6,521
"2023","Lourdes Gurriel Jr.","OF","Arizona Diamondbacks",144,65,255,82,33,1,103,5,520
"2025","Shea Langeliers","C","Athletics",133,73,258,72,36,1,103,7,520
"2025","Jazz Chisholm Jr.","2B","New York Yankees",112,75,222,80,58,1,148,31,520
"2023","Joey Meneses","DH","Washington Nationals",168,71,245,89,38,0,130,0,519
"2024","Carlos Santana","1B","Minnesota Twins",124,63,219,71,65,3,99,4,519
"2024","Riley Greene","OF","Detroit Tigers",134,82,245,74,64,3,156,4,518
"2024","Gleyber Torres","2B","New York Yankees",151,80,222,63,65,0,136,4,518
"2025","Jacob Wilson","SS","Athletics",151,62,216,63,27,1,39,5,518
"2025","Dansby Swanson","SS","Chicago Cubs",144,84,246,77,47,1,168,20,518
"2023","Alex Verdugo","OF","Boston Red Sox",144,81,230,54,45,1,93,5,517
"2023","Whit Merrifield","2B","Toronto Blue Jays",149,66,209,67,36,2,101,26,516
"2024","Yandy Diaz","1B","Tampa Bay Rays",158,55,233,65,50,0,95,0,516
"2024","Taylor Ward","OF","Los Angeles Angels",144,73,249,75,63,0,163,6,516
"2023","Andres Gimenez","2B","Cleveland Guardians",140,76,222,62,32,3,112,30,515
"2025","Jorge Polanco","DH","Seattle Mariners",125,64,233,78,42,1,82,6,515
"2025","Otto Lopez","SS","Miami Marlins",134,66,200,77,44,2,82,15,515
"2023","Michael Harris II","OF","Atlanta Braves",148,76,241,57,25,1,101,20,512
"2024","Cal Raleigh","C","Seattle Mariners",120,73,238,100,70,4,176,6,511
"2025","Hunter Goodman","C","Colorado Rockies",150,73,281,91,33,0,152,1,511
"2023","Andrew Benintendi","OF","Chicago White Sox",147,72,200,45,52,5,89,13,510
"2024","Wyatt Langford","OF","Texas Rangers",126,74,207,74,51,3,115,19,509
"2023","Jeimer Candelario","1B","Chicago Cubs",127,77,238,70,53,1,127,8,508
"2025","Wyatt Langford","OF","Texas Rangers",118,73,211,62,74,3,151,22,508
"2025","Ernie Clement","3B","Toronto Blue Jays",151,83,217,50,27,1,61,6,507
"2024","Luis Garcia Jr.","2B","Washington Nationals",141,58,222,70,27,2,86,22,505
"2025","Alec Burleson","1B","St. Louis Cardinals",144,54,228,69,39,1,79,5,505
"2024","Bryson Stott","2B","Philadelphia Phillies",124,65,180,57,53,1,93,32,504
"2024","Ezequiel Tovar","SS","Colorado Rockies",176,83,307,78,23,1,200,6,503
"2024","Oneil Cruz","SS","Pittsburgh Pirates",140,72,243,76,51,5,181,22,501
"2024","Julio Rodriguez","OF","Seattle Mariners",155,76,232,68,38,1,156,24,500
"2025","Nolan Schanuel","1B","Los Angeles Angels",129,64,190,53,59,4,71,5,497
"2025","Ben Rice","1B","New York Yankees",119,74,233,65,50,0,100,3,497
"2025","Salvador Perez","C","Kansas City Royals",141,54,266,100,28,5,125,0,497
"2025","Jackson Holliday","2B","Baltimore Orioles",142,70,220,55,56,1,140,17,494
"2025","Lawrence Butler","OF","Athletics",133,83,230,63,59,0,179,22,492
"2023","Jeremy Pena","SS","Houston Astros",152,81,220,52,43,1,129,13,489
"2024","Dansby Swanson","SS","Chicago Cubs",129,82,208,66,54,2,144,19,489
"2024","George Springer","OF","Toronto Blue Jays",120,74,202,56,60,0,115,16,489
"2024","Andres Gimenez","2B","Cleveland Guardians",147,64,198,63,26,1,97,30,488
"2025","Ceddanne Rafaela","OF","Boston Red Sox",136,84,226,63,28,0,117,20,488
"2025","Michael Harris II","OF","Atlanta Braves",152,55,250,86,16,1,128,20,488
"2024","Nolan Schanuel","1B","Los Angeles Angels",130,62,188,54,68,0,103,10,487
"2024","Randy Arozarena","OF","Seattle Mariners",120,77,213,60,73,0,169,20,487
"2025","Ryan O'Hearn","1B","San Diego Padres",133,67,207,63,58,4,109,3,487
"2023","Willy Adames","SS","Milwaukee Brewers",120,73,225,80,71,1,165,5,486
"2025","Zach Neto","SS","Los Angeles Angels",129,82,238,62,33,6,149,26,486
"2024","Lourdes Gurriel Jr.","OF","Arizona Diamondbacks",143,72,223,75,29,1,101,7,485
"2024","Christian Walker","1B","Arizona Diamondbacks",120,72,224,84,55,4,133,2,485
"2023","Josh Bell","1B","Miami Marlins",135,52,229,74,63,2,134,0,484
"2025","Miguel Vargas","3B","Chicago White Sox",118,80,202,60,56,0,100,6,484
"2025","Marcell Ozuna","DH","Atlanta Braves",113,61,195,68,94,2,144,0,483
"2024","Willi Castro","SS","Minnesota Twins",138,89,215,60,51,0,150,14,482
"2024","Jorge Soler","OF","Atlanta Braves",119,84,218,64,68,0,141,1,482
"2025","Xander Bogaerts","SS","San Diego Padres",129,63,192,53,48,3,94,20,482
"2024","Will Smith","C","Los Angeles Dodgers",118,77,206,75,51,6,105,1,481
"2025","Alex Bregman","3B","Boston Red Sox",118,64,200,62,51,3,70,1,481
"2023","Keibert Ruiz","C","Washington Nationals",136,55,214,67,31,1,58,1,479
"2023","Andrew Vaughn","1B","Chicago White Sox",146,67,243,80,36,0,129,0,479
"2025","Alejandro Kirk","C","Toronto Blue Jays",127,45,190,76,48,2,59,1,479
"2023","Lars Nootbaar","OF","St. Louis Cardinals",111,74,178,46,72,2,99,11,478
"2025","Agustin Ramirez","C","Miami Marlins",124,72,222,67,36,2,113,16,478
"2023","Teoscar Hernandez","OF","Seattle Mariners",161,70,272,93,38,2,211,7,477
"2024","Nathaniel Lowe","1B","Texas Rangers",129,62,195,69,71,1,125,2,477
"2023","James Outman","OF","Los Angeles Dodgers",120,86,211,70,68,1,181,16,475
"2024","Paul Goldschmidt","1B","St. Louis Cardinals",147,70,248,65,47,2,173,11,475
"2024","Alex Verdugo","OF","New York Yankees",130,74,199,61,49,0,93,2,473
"2023","Jose Altuve","2B","Houston Astros",112,76,188,51,44,0,71,14,472
"2023","Ryan McMahon","3B","Colorado Rockies",133,80,239,70,68,2,198,5,472
"2025","Matt Chapman","3B","San Francisco Giants",105,76,195,61,71,1,126,9,472
"2023","Bryan De La Cruz","OF","Miami Marlins",149,60,238,78,40,0,142,4,471
"2025","Lourdes Gurriel Jr.","OF","Arizona Diamondbacks",124,52,209,80,31,0,76,10,471
"2025","Mike Yastrzemski","OF","Kansas City Royals",111,68,192,46,72,4,108,7,471
"2023","Triston Casas","1B","Boston Red Sox",113,66,210,65,70,2,126,0,470
"2023","Ty France","1B","Seattle Mariners",147,79,215,58,43,0,117,1,470
"2025","Bryan Reynolds","OF","Pittsburgh Pirates",144,68,236,73,57,1,173,3,469
"2024","Josh Bell","1B","Arizona Diamondbacks",134,62,218,71,51,1,120,0,468
"2025","Brandon Lowe","2B","Tampa Bay Rays",130,79,242,83,38,1,149,3,468
"2023","Tommy Edman","2B","St. Louis Cardinals",119,69,191,47,35,1,84,27,467
"2023","Eugenio Suarez","3B","Seattle Mariners",139,68,234,96,70,0,214,2,467
"2023","Leody Taveras","OF","Texas Rangers",136,67,215,67,35,0,117,14,466
"2025","Brendan Donovan","2B","St. Louis Cardinals",132,64,194,50,42,3,67,3,466
"2025","Jo Adell","OF","Los Angeles Angels",124,63,255,98,33,0,151,5,465
"2023","Jonah Heim","C","Texas Rangers",118,61,200,95,40,2,96,2,464
"2024","Josh Smith","3B","Texas Rangers",135,67,206,62,46,1,121,11,464
"2025","Ramon Laureano","OF","San Diego Padres",124,72,226,76,35,1,119,7,464
"2023","Austin Hays","OF","Baltimore Orioles",143,76,231,67,38,1,141,5,463
"2024","Matt Vierling","OF","Detroit Tigers",133,80,219,57,41,1,121,6,463
"2023","LaMonte Wade Jr.","1B","San Francisco Giants",110,64,179,45,76,3,95,2,462
"2024","Jake McCarthy","OF","Arizona Diamondbacks",126,66,177,56,31,1,78,25,460
"2024","Ryan McMahon","3B","Colorado Rockies",137,68,225,65,69,4,185,4,460
"2023","Jonathan India","2B","Cincinnati Reds",111,78,185,61,52,0,109,14,458
"2025","Spencer Steer","1B","Cincinnati Reds",121,66,209,75,51,0,129,7,458
"2023","Ke'Bryan Hayes","3B","Pittsburgh Pirates",134,65,224,61,28,1,104,10,457
"2023","Cal Raleigh","C","Seattle Mariners",119,78,234,75,54,1,158,0,457
"2024","Ryan O'Hearn","1B","Baltimore Orioles",117,60,189,59,46,2,69,3,456
"2025","Will Smith","C","Los Angeles Dodgers",107,64,180,61,64,1,89,2,456
"2025","Carlos Correa","3B","Houston Astros",148,63,216,52,45,0,113,0,456
"2025","Luis Garcia Jr.","2B","Washington Nationals",123,67,201,66,27,1,84,14,456
"2023","Tommy Pham","OF","Arizona Diamondbacks",109,55,190,68,47,1,106,22,455
"2024","Cedric Mullins","OF","Baltimore Orioles",104,69,180,54,41,0,98,32,455
"2024","Jesse Winker","OF","New York Mets",109,63,174,58,63,2,106,14,454
"2023","Nolan Jones","OF","Colorado Rockies",109,60,199,62,53,3,126,20,453
"2025","Christian Walker","1B","Houston Astros",139,72,246,88,40,1,177,2,453
"2025","Mike Trout","DH","Los Angeles Angels",106,73,200,64,87,10,178,2,453
"2023","Wilmer Flores","1B","San Francisco Giants",115,51,206,60,41,1,63,0,452
"2024","Adolis Garcia","OF","Texas Rangers",130,68,232,85,45,2,177,11,452
"2025","Zach McKinstry","3B","Detroit Tigers",117,68,198,49,46,1,111,19,452
"2025","Willson Contreras","1B","St. Louis Cardinals",126,70,219,80,44,1,142,5,452
"2025","Ronald Acuna Jr.","OF","Atlanta Braves",98,74,175,42,71,4,102,9,451
"2023","J.D. Martinez","DH","Los Angeles Dodgers",117,61,247,103,34,1,149,1,450
"2023","Max Kepler","OF","Minnesota Twins",114,72,212,66,45,0,106,1,450
"2025","Kyle Stowers","OF","Miami Marlins",115,61,217,73,48,3,125,5,450
"2025","Josh Bell","DH","Washington Nationals",111,54,195,63,57,1,88,0,450
"2025","Gavin Sheets","OF","San Diego Padres",124,57,211,71,44,1,107,2,449
"2024","Michael Busch","1B","Chicago Cubs",123,73,218,65,63,1,162,2,448
"2023","Jake Burger","3B","Miami Marlins",123,71,255,80,32,0,149,1,446
"2023","Jack Suwinski","OF","Pittsburgh Pirates",100,63,203,74,75,2,172,13,446
"2025","Josh Smith","SS","Texas Rangers",124,70,181,35,55,2,100,12,446
"2025","Nathaniel Lowe","1B","Boston Red Sox",123,64,206,84,62,2,159,1,446
"2024","Lane Thomas","OF","Cleveland Guardians",112,65,189,63,44,1,137,32,445
"2025","Drake Baldwin","C","Atlanta Braves",111,56,190,80,38,0,68,0,445
"2025","Caleb Durbin","3B","Milwaukee Brewers",114,60,172,53,30,0,50,18,445
"2025","Trevor Larnach","DH","Minnesota Twins",126,62,203,60,53,2,122,4,445
"2023","Amed Rosario","2B","Los Angeles Dodgers",134,70,193,58,29,0,99,15,444
"2023","J.T. Realmuto","C","Philadelphia Phillies",123,70,221,63,35,3,138,16,444
"2025","Corey Seager","SS","Texas Rangers",103,61,185,50,58,10,87,3,444
"2023","Orlando Arcia","SS","Atlanta Braves",129,66,205,65,39,0,102,1,443
"2023","Mark Canha","DH","Milwaukee Brewers",114,51,174,62,49,1,79,11,443
"2023","Ezequiel Tovar","SS","Colorado Rockies",147,79,237,73,25,0,166,11,442
"2023","Jose Abreu","1B","Houston Astros",128,62,207,90,42,1,130,0,442
"2024","Andrew Vaughn","1B","Chicago White Sox",140,55,229,70,38,0,132,2,442
"2024","Colton Cowser","OF","Baltimore Orioles",121,77,223,69,52,2,172,9,442
"2024","Jake Burger","1B","Miami Marlins",134,68,246,76,31,2,150,1,440
"2025","Yainer Diaz","C","Houston Astros",139,56,226,70,20,2,95,1,440
"2025","Teoscar Hernandez","OF","Los Angeles Dodgers",126,65,232,89,26,0,134,5,440
"2023","Esteury Ruiz","OF","Athletics",114,47,155,47,20,1,99,67,439
"2023","Geraldo Perdomo","SS","Arizona Diamondbacks",100,71,146,47,64,1,86,16,439
"2024","Tyler Stephenson","C","Cincinnati Reds",118,69,203,66,48,2,117,1,439
"2025","Paul Goldschmidt","1B","New York Yankees",134,76,197,45,36,5,100,5,439
"2025","Nick Castellanos","OF","Philadelphia Phillies",137,72,219,72,32,0,133,4,439
"2025","Lars Nootbaar","OF","St. Louis Cardinals",119,68,184,48,64,3,119,4,439
"2023","Willson Contreras","C","St. Louis Cardinals",113,55,200,67,51,0,111,6,438
"2023","Carlos Correa","SS","Minnesota Twins",118,60,205,65,59,3,131,0,438
"2023","Chas McCormick","OF","Houston Astros",110,59,197,70,40,0,117,19,437
"2024","Joc Pederson","DH","Arizona Diamondbacks",101,62,189,64,55,2,105,7,437
"2024","Ha-Seong Kim","SS","San Diego Padres",94,60,149,47,58,4,77,22,437
"2023","Dominic Smith","1B","Washington Nationals",134,57,193,46,47,1,91,1,436
"2023","Daulton Varsho","OF","Toronto Blue Jays",116,65,205,61,45,0,135,16,434
"2024","Justin Turner","1B","Seattle Mariners",119,59,176,55,59,2,95,0,434
"2025","Anthony Volpe","SS","New York Yankees",114,65,211,72,43,0,150,18,434
"2025","Marcus Semien","2B","Texas Rangers",108,62,171,62,50,0,93,11,432
"2024","Kyle Tucker","OF","Houston Astros",80,56,162,49,56,3,54,11,430
"2024","Heliot Ramos","OF","San Francisco Giants",128,54,223,72,37,2,135,6,430
"2024","Joey Ortiz","3B","Milwaukee Brewers",105,58,175,60,56,0,103,11,429
"2025","Chandler Simpson","OF","Tampa Bay Rays",122,53,143,26,20,0,43,44,429
"2025","Ivan Herrera","DH","St. Louis Cardinals",110,54,180,66,43,1,84,8,429
"2025","Oneil Cruz","OF","Pittsburgh Pirates",94,62,178,61,64,4,174,38,429
"2023","Eddie Rosario","OF","Atlanta Braves",122,64,215,74,34,1,122,3,428
"2024","Lawrence Butler","OF","Athletics",108,63,202,57,35,0,108,18,428
"2025","Jordan Beck","OF","Colorado Rockies",139,62,224,53,43,0,174,19,428
"2023","Anthony Volpe","SS","New York Yankees",113,62,207,60,52,0,167,24,427
"2024","Jesus Sanchez","OF","Miami Marlins",123,60,204,64,41,2,140,16,427
"2023","Mauricio Dubon","2B","Houston Astros",130,76,192,46,19,0,70,7,426
"2023","Brandon Drury","2B","Los Angeles Angels",127,61,241,83,25,0,136,0,426
"2023","Andrew McCutchen","DH","Pittsburgh Pirates",100,55,155,43,75,1,100,11,426
"2023","Matt Chapman","3B","Toronto Blue Jays",122,66,216,54,62,1,165,4,426
"2023","MJ Melendez","OF","Kansas City Royals",125,65,212,56,62,2,170,6,426
"2024","Charlie Blackmon","DH","Colorado Rockies",115,59,185,52,43,2,86,6,425
"2025","Mickey Moniak","OF","Colorado Rockies",117,62,225,68,22,1,110,9,425
"2023","Thairo Estrada","2B","San Francisco Giants",134,63,206,49,22,1,120,23,423
"2024","Colt Keith","2B","Detroit Tigers",134,54,196,61,36,2,110,7,423
"2025","Andrew McCutchen","DH","Pittsburgh Pirates",114,51,175,57,67,5,118,1,420
"2025","Jake Cronenworth","2B","San Diego Padres",103,61,158,59,69,1,107,3,419
"2025","Addison Barger","3B","Toronto Blue Jays",112,61,209,74,36,4,121,4,419
"2024","Sal Frelick","OF","Milwaukee Brewers",123,66,159,32,39,0,78,18,416
"2023","Luis Garcia Jr.","2B","Washington Nationals",119,61,172,50,27,1,60,9,415
"2023","DJ LeMahieu","3B","New York Yankees",121,55,194,44,60,2,125,2,415
"2025","Alec Bohm","3B","Philadelphia Phillies",133,53,190,59,29,0,82,2,415
"2025","Isaac Collins","OF","Milwaukee Brewers",98,56,153,54,57,0,93,16,414
"2023","Salvador Perez","C","Kansas City Royals",137,59,227,80,19,6,135,0,412
"2023","Brandon Marsh","OF","Philadelphia Phillies",112,58,185,60,59,2,144,10,411
"2023","Ryan Mountcastle","1B","Baltimore Orioles",114,64,191,68,37,1,107,3,411
"2023","Cedric Mullins","OF","Baltimore Orioles",94,51,168,74,43,1,101,19,411
"2023","Harold Ramirez","DH","Tampa Bay Rays",125,58,184,68,22,0,79,5,410
"2024","Jacob Young","OF","Washington Nationals",120,75,155,36,30,0,102,33,410
"2024","Shea Langeliers","C","Athletics",108,58,217,80,41,2,145,4,410
"2025","Jeff McNeil","2B","New York Mets",97,42,164,54,49,4,55,3,410
"2024","Fernando Tatis Jr.","OF","San Diego Padres",110,64,196,49,32,0,96,11,409
"2024","Ceddanne Rafaela","OF","Boston Red Sox",134,70,212,75,15,1,151,19,409
"2025","Masyn Winn","SS","St. Louis Cardinals",124,72,178,51,34,0,102,9,409
"2023","Eloy Jimenez","DH","Chicago White Sox",124,50,201,64,30,2,93,0,408
"2023","Maikel Garcia","3B","Kansas City Royals",126,59,166,50,38,0,115,23,408
"2025","Kyle Manzardo","DH","Cleveland Guardians",110,47,214,70,48,2,135,2,408
"2023","Matt Vierling","OF","Detroit Tigers",125,63,186,44,44,1,112,6,407
"2025","Lenyn Sosa","2B","Chicago White Sox",137,57,225,75,18,0,127,2,407
"2023","Josh Jung","3B","Texas Rangers",127,75,223,70,30,0,151,1,406
"2023","Hunter Renfroe","DH","Cincinnati Reds",116,60,207,60,44,0,125,0,406
"2023","Brent Rooker","DH","Athletics",114,61,226,69,49,1,172,4,405
"2024","Andrew Benintendi","OF","Chicago White Sox",109,50,189,64,41,1,96,3,405
"2025","Cedric Mullins","OF","New York Mets",94,58,170,59,50,0,120,22,405
"2024","Tyler O'Neill","OF","Boston Red Sox",99,74,210,61,53,5,159,4,404
"2025","Harrison Bader","OF","Philadelphia Phillies",124,61,201,54,39,0,136,11,404
"2025","Jackson Merrill","OF","San Diego Padres",116,59,201,67,33,1,108,1,404
"2025","Andrew Benintendi","OF","Chicago White Sox",101,57,181,63,40,2,82,1,404
"2023","Sean Murphy","C","Atlanta Braves",93,65,177,68,49,0,98,0,403
"2023","Elias Diaz","C","Colorado Rockies",130,48,199,72,34,0,118,1,401
"2023","J.D. Davis","3B","San Francisco Giants",119,61,198,69,52,0,152,1,401
"2023","Trent Grisham","OF","San Diego Padres",93,67,165,50,75,0,154,15,401
"2024","Leody Taveras","OF","Texas Rangers",110,59,169,44,42,0,112,23,400
"2023","Adam Frazier","2B","Baltimore Orioles",99,59,163,60,32,0,68,11,399
"2025","Nathan Lukes","OF","Toronto Blue Jays",99,55,158,65,38,2,60,2,399
"2025","Isaac Paredes","3B","Houston Astros",96,53,173,53,50,0,76,0,399
"2023","Kerry Carpenter","OF","Detroit Tigers",116,57,197,64,32,3,115,6,398
"2023","Nolan Gorman","2B","St. Louis Cardinals",96,59,194,76,53,1,148,7,398
"2025","Jonathan India","2B","Kansas City Royals",116,63,172,45,54,0,106,0,398
"2023","Luis Rengifo","2B","Los Angeles Angels",104,55,175,51,41,0,82,6,397
"2024","Carlos Correa","SS","Minnesota Twins",99,55,165,54,40,4,61,0,396
"2024","Ernie Clement","3B","Toronto Blue Jays",114,48,177,51,11,1,41,12,396
"2024","Daulton Varsho","OF","Toronto Blue Jays",98,73,187,58,48,1,137,10,396
"2025","Adolis Garcia","OF","Texas Rangers",115,58,200,75,28,1,135,13,396
"2025","Jesus Sanchez","OF","Houston Astros",107,61,178,48,42,1,110,13,395
"2024","Andrew McCutchen","DH","Pittsburgh Pirates",104,66,184,50,58,1,133,3,394
"2023","Jurickson Profar","OF","San Diego Padres",111,55,169,46,50,0,90,1,393
"2025","Max Muncy","3B","Los Angeles Dodgers",76,48,147,67,64,2,83,4,393
"2023","Randal Grichuk","OF","Los Angeles Angels",116,65,199,44,29,2,96,2,392
"2024","Ryan Mountcastle","1B","Baltimore Orioles",128,54,201,63,27,0,114,3,392
"2024","Brendan Rodgers","2B","Colorado Rockies",134,67,204,54,31,1,132,1,392
"2025","Jonathan Aranda","1B","Tampa Bay Rays",117,56,181,59,41,3,107,0,391
"2024","Michael Conforto","OF","San Francisco Giants",104,56,197,66,42,1,118,0,390
"2023","Jordan Walker","OF","St. Louis Cardinals",116,51,187,51,37,0,104,7,389
"2023","Jake Cronenworth","1B","San Diego Padres",105,54,173,48,46,2,97,6,389
"2024","Jordan Westburg","3B","Baltimore Orioles",110,57,200,63,22,0,97,6,389
"2024","Rhys Hoskins","1B","Milwaukee Brewers",96,59,188,82,53,1,149,3,389
"2025","Gavin Lux","DH","Cincinnati Reds",120,49,167,53,56,0,114,1,389
"2025","J.T. Realmuto","C","Philadelphia Phillies",129,57,193,52,35,1,129,8,389
"2025","Matt McLain","2B","Cincinnati Reds",112,73,175,50,55,0,167,18,389
"2023","Jake Fraley","OF","Cincinnati Reds",86,41,149,65,37,2,71,21,388
"2024","Bryan De La Cruz","OF","Pittsburgh Pirates",136,61,224,68,29,1,170,5,388
"2024","Christopher Morel","2B","Tampa Bay Rays",105,56,185,60,61,3,159,8,388
"2023","Charlie Blackmon","DH","Colorado Rockies",100,57,158,40,39,0,55,4,386
"2025","Wilyer Abreu","OF","Boston Red Sox",92,53,175,69,40,5,101,6,385
"2025","Brooks Lee","SS","Minnesota Twins",115,50,180,64,31,0,92,3,385
"2025","Colt Keith","DH","Detroit Tigers",106,65,171,45,48,1,102,1,384
"2025","Kerry Carpenter","OF","Detroit Tigers",109,66,215,62,18,0,106,1,384
"2024","Mark Vientos","3B","New York Mets",110,58,213,71,33,0,135,0,383
"2023","Matt McLain","SS","Cincinnati Reds",106,65,185,50,31,0,115,14,381
"2023","Michael Conforto","OF","San Francisco Giants",97,58,156,58,53,4,106,4,381
"2025","Chase Meidroth","SS","Chicago White Sox",114,54,144,23,45,0,72,14,381
"2024","Connor Wong","C","Boston Red Sox",125,54,190,52,28,1,114,8,380
"2024","Austin Riley","3B","Atlanta Braves",109,63,196,56,37,0,118,0,380
"2025","Eric Wagaman","1B","Miami Marlins",119,56,180,53,32,0,100,4,380
"2024","Michael Harris II","OF","Atlanta Braves",116,58,184,48,23,1,94,10,379
"2025","Spencer Horwitz","1B","Pittsburgh Pirates",99,55,158,51,44,1,73,0,379
"2024","Brandon Marsh","OF","Philadelphia Phillies",104,55,175,60,50,0,154,19,378
"2024","Jeff McNeil","2B","New York Mets",101,57,163,44,35,1,68,5,378
"2025","Brenton Doyle","OF","Colorado Rockies",117,57,189,57,30,0,138,18,378
"2023","Connor Joe","OF","Pittsburgh Pirates",102,63,174,42,50,0,110,3,377
"2025","Tyler Freeman","OF","Colorado Rockies",106,50,136,31,34,0,51,18,376
"2025","Ryan McMahon","3B","New York Yankees",109,62,194,53,70,1,189,3,376
"2023","Brandon Lowe","2B","Tampa Bay Rays",87,58,167,68,50,0,119,7,375
"2024","Gavin Lux","2B","Los Angeles Dodgers",110,59,168,50,44,0,110,5,375
"2025","Ryan Jeffers","C","Minnesota Twins",108,47,161,47,50,1,91,1,375
"2025","Max Kepler","OF","Philadelphia Phillies",90,58,163,52,48,3,93,3,375
"2023","Enrique Hernandez","2B","Los Angeles Dodgers",110,57,166,61,34,1,97,4,374
"2024","Christian Yelich","OF","Milwaukee Brewers",85,44,136,42,40,3,58,21,374
"2025","Jake Mangum","OF","Tampa Bay Rays",120,37,149,40,19,0,64,27,374
"2024","Xander Bogaerts","2B","San Diego Padres",113,50,163,44,28,0,79,13,373
"2023","Jon Berti","SS","Miami Marlins",114,53,157,33,29,2,77,16,372
"2023","Zach McKinstry","3B","Detroit Tigers",107,60,163,35,44,0,113,16,372
"2024","Isiah Kiner-Falefa","SS","Pittsburgh Pirates",125,53,175,43,16,0,78,11,372
"2024","Wilyer Abreu","OF","Boston Red Sox",101,59,183,58,40,0,125,8,372
"2025","Joey Ortiz","SS","Milwaukee Brewers",108,62,149,45,27,0,74,14,372
"2024","Ozzie Albies","2B","Atlanta Braves",100,52,161,53,27,0,65,8,371
"2024","Orlando Arcia","SS","Atlanta Braves",120,50,195,46,41,1,128,2,370
"2025","Jurickson Profar","OF","Atlanta Braves",78,56,138,43,48,0,59,9,370
"2025","Ke'Bryan Hayes","3B","Cincinnati Reds",124,50,161,49,36,1,111,12,370
"2023","Willi Castro","OF","Minnesota Twins",92,60,147,34,34,1,99,33,369
"2024","Michael Toglia","1B","Colorado Rockies",87,62,182,55,54,2,147,10,369
"2024","Ryan Jeffers","C","Minnesota Twins",93,56,178,64,32,0,94,3,367
"2025","Luis Rengifo","3B","Los Angeles Angels",119,55,168,43,33,0,104,10,367
"2023","Ryan Noda","1B","Athletics",93,63,165,54,77,1,170,3,366
"2025","Luis Robert Jr.","OF","Chicago White Sox",85,52,139,53,40,3,112,33,366
"2023","Mike Tauchman","OF","Chicago Cubs",85,64,127,48,56,1,86,7,365
"2023","Tyler Stephenson","C","Cincinnati Reds",113,59,176,56,47,2,135,0,365
"2025","Jasson Dominguez","OF","New York Yankees",98,58,148,47,41,1,115,23,365
"2025","Jose Caballero","OF","New York Yankees",74,52,109,36,47,0,98,49,365
"2024","Otto Lopez","2B","Miami Marlins",109,49,152,39,25,0,75,20,364
"2025","Austin Hays","OF","Cincinnati Reds",101,60,172,64,29,2,107,7,364
"2025","Nolan Arenado","3B","St. Louis Cardinals",95,48,151,52,28,4,49,3,363
"2024","Mike Yastrzemski","OF","San Francisco Giants",99,60,187,57,38,1,124,3,362
"2025","Carson Kelly","C","Chicago Cubs",92,48,158,50,45,0,80,2,362
"2025","Matt Shaw","3B","Chicago Cubs",89,57,155,44,38,0,94,17,361
"2023","Elly De La Cruz","SS","Cincinnati Reds",91,67,159,44,35,3,144,35,360
"2024","Jose Caballero","SS","Tampa Bay Rays",100,53,153,44,27,1,133,44,360
"2024","Jose Miranda","3B","Minnesota Twins",114,44,177,49,18,1,66,2,359
"2024","Byron Buxton","OF","Minnesota Twins",99,62,186,56,20,1,99,7,359
"2024","Trevor Larnach","OF","Minnesota Twins",92,59,154,52,40,1,89,4,357
"2024","Keibert Ruiz","C","Washington Nationals",105,46,165,57,16,0,54,3,357
"2025","Brandon Marsh","OF","Philadelphia Phillies",106,59,168,43,38,1,110,7,357
"2025","Carlos Santana","1B","Chicago Cubs",91,49,135,54,52,1,91,7,357
"2024","Brandon Lowe","2B","Tampa Bay Rays",94,56,182,58,33,2,112,5,356
"2025","Josh Jung","3B","Texas Rangers",121,53,188,61,27,0,129,4,356
"2025","Tommy Pham","OF","Pittsburgh Pirates",96,44,145,52,50,3,94,5,356
"2023","Myles Straw","OF","Cleveland Guardians",110,52,137,29,42,0,97,20,355
"2024","Lars Nootbaar","OF","St. Louis Cardinals",85,39,145,45,52,2,79,7,355
"2025","Dillon Dingler","C","Detroit Tigers",121,54,185,57,23,2,110,0,355
"2023","Will Brennan","OF","Cleveland Guardians",115,41,154,41,16,2,57,13,354
"2024","Jake Meyers","OF","Houston Astros",101,51,166,61,35,0,117,11,354
"2023","Jason Heyward","OF","Los Angeles Dodgers",90,56,158,40,34,1,64,2,353
"2023","Taylor Ward","OF","Los Angeles Angels",90,60,150,47,39,0,80,4,353
"2024","Dylan Moore","SS","Seattle Mariners",74,53,135,42,53,1,123,32,352
"2025","Andrew Vaughn","1B","Milwaukee Brewers",103,35,167,65,31,0,80,0,352
"2023","Jarren Duran","OF","Boston Red Sox",98,46,160,40,24,1,90,24,351
"2023","Yainer Diaz","C","Houston Astros",100,51,191,60,11,0,74,0,350
"2025","Daylen Lile","OF","Washington Nationals",96,51,160,41,21,0,56,8,350
"2024","Geraldo Perdomo","SS","Arizona Diamondbacks",92,61,126,37,36,0,58,9,348
"2024","Logan O'Hoppe","C","Los Angeles Angels",117,64,196,56,33,0,155,2,348
"2024","Ty France","1B","Cincinnati Reds",112,46,175,51,38,0,114,1,348
"2025","Brett Baty","3B","New York Mets",100,53,171,50,33,0,108,8,348
"2023","Kevin Kiermaier","OF","Toronto Blue Jays",98,58,155,36,29,0,86,14,347
"2023","Edouard Julien","2B","Minnesota Twins",89,60,155,37,64,0,128,3,347
"2023","Robbie Grossman","OF","Texas Rangers",84,56,139,49,57,0,98,1,346
"2023","Alejandro Kirk","C","Toronto Blue Jays",93,34,133,43,42,1,45,0,343
"2023","Javier Baez","SS","Detroit Tigers",113,58,166,59,24,0,125,12,343
"2024","Luke Raley","OF","Seattle Mariners",98,58,187,58,27,0,135,11,342
"2024","Xavier Edwards","SS","Miami Marlins",87,39,112,26,33,1,52,31,341
"2024","Mark Canha","1B","San Francisco Giants",95,46,136,42,51,2,96,7,341
"2025","Adam Frazier","2B","Kansas City Royals",112,43,153,44,26,2,81,8,341
"2025","Ty France","1B","Toronto Blue Jays",114,50,160,52,22,1,83,1,340
"2023","Edward Olivares","OF","Kansas City Royals",93,47,160,36,22,1,64,11,339
"2024","Blake Perkins","OF","Milwaukee Brewers",92,54,127,43,42,1,108,23,339
"2023","Brendan Donovan","2B","St. Louis Cardinals",93,48,138,34,33,2,53,5,338
"2024","Jo Adell","OF","Los Angeles Angels",84,54,163,62,35,1,126,15,338
"2024","Tommy Pham","OF","Kansas City Royals",109,49,162,39,35,0,106,7,337
"2025","Austin Wells","C","New York Yankees",88,51,175,71,30,0,118,5,337
"2023","Riley Greene","OF","Detroit Tigers",109,51,169,37,35,0,114,7,336
"2023","Ezequiel Duran","SS","Texas Rangers",112,55,180,46,23,1,120,8,336
"2025","Victor Scott II","OF","St. Louis Cardinals",86,54,118,37,42,0,111,34,336
"2023","Ryan O'Hearn","1B","Baltimore Orioles",100,48,166,60,15,2,82,5,334
"2024","LaMonte Wade Jr.","1B","San Francisco Giants",86,45,126,34,62,5,90,2,334
"2025","Carlos Narvaez","C","Boston Red Sox",97,51,169,50,38,0,111,1,334
"2024","Zack Gelof","2B","Athletics",105,60,180,49,38,0,188,25,332
"2024","Spencer Horwitz","1B","Toronto Blue Jays",87,46,142,40,42,2,70,0,331
"2024","Jeimer Candelario","3B","Cincinnati Reds",96,47,183,56,27,1,114,4,331
"2023","Yan Gomes","C","Chicago Cubs",102,44,156,63,21,1,81,1,329
"2025","Isiah Kiner-Falefa","2B","Toronto Blue Jays",113,45,144,40,17,0,77,15,329
"2023","Donovan Solano","1B","Minnesota Twins",111,43,154,38,40,1,100,0,327
"2024","Austin Wells","C","New York Yankees",81,42,140,55,47,0,87,1,327
"2025","Mark Vientos","3B","New York Mets",99,44,175,61,30,0,115,1,326
"2023","Luke Raley","1B","Tampa Bay Rays",89,56,175,49,28,0,128,14,325
"2023","Shea Langeliers","C","Athletics",92,52,185,63,34,2,143,3,325
"2024","Gio Urshela","3B","Atlanta Braves",108,34,156,52,23,1,72,0,325
"2025","Austin Riley","3B","Atlanta Braves",108,54,178,54,27,1,128,2,325
"2023","Brice Turang","2B","Milwaukee Brewers",88,46,121,34,38,1,94,26,324
"2023","Francisco Alvarez","C","New York Mets",80,51,167,63,34,0,110,2,323
"2024","Jonah Heim","C","Texas Rangers",101,45,154,59,26,0,90,1,323
"2024","Josh Rojas","3B","Seattle Mariners",95,48,142,31,46,1,108,10,321
"2023","Michael Massey","2B","Kansas City Royals",98,42,163,55,24,0,99,6,319
"2024","Miguel Rojas","SS","Los Angeles Dodgers",87,41,126,36,23,0,34,8,318
"2024","J.T. Realmuto","C","Philadelphia Phillies",101,50,163,47,27,1,102,2,318
"2024","Gabriel Moreno","C","Arizona Diamondbacks",81,39,116,45,41,1,52,3,318
"2025","Royce Lewis","3B","Minnesota Twins",89,36,146,52,25,0,80,12,317
"2023","Garrett Cooper","1B","San Diego Padres",106,42,177,61,31,0,132,0,316
"2025","Romy Gonzalez","1B","Boston Red Sox",96,47,152,53,18,1,81,6,316
"2023","Elvis Andrus","2B","Chicago White Sox",94,39,134,44,25,1,71,12,315
"2023","Miguel Rojas","SS","Los Angeles Dodgers",91,49,124,31,26,0,48,8,315
"2023","Gabriel Moreno","C","Arizona Diamondbacks",97,33,139,50,29,0,75,6,314
"2025","Liam Hicks","C","Miami Marlins",82,37,115,45,43,0,56,2,313
"2023","Andy Ibanez","2B","Detroit Tigers",94,42,154,41,24,0,69,1,312
"2024","Rowdy Tellez","1B","Pittsburgh Pirates",93,38,150,56,31,0,89,1,312
"2024","J.P. Crawford","SS","Seattle Mariners",79,55,126,37,52,0,102,5,309
"2025","Javier Baez","SS","Detroit Tigers",107,55,166,57,10,0,109,5,306
"2024","Brayan Rocchio","SS","Cleveland Guardians",79,50,121,36,44,1,90,10,305
"2024","Nick Gonzales","2B","Pittsburgh Pirates",97,42,143,49,18,1,74,5,304
"2024","Connor Joe","1B","Pittsburgh Pirates",83,49,134,36,44,1,91,2,304
"2024","Michael Massey","2B","Kansas City Royals",86,45,149,45,15,1,56,1,302
"2024","Tyler Fitzgerald","SS","San Francisco Giants",88,53,156,34,22,0,108,17,301
"2024","Max Schuemann","SS","Athletics",87,55,122,34,47,0,119,14,301
"2023","Tim Anderson","SS","Chicago White Sox",121,52,146,25,26,0,122,13,300
"2025","Kody Clemens","1B","Minnesota Twins",74,46,151,52,29,1,93,5,299
"2023","Jorge Mateo","SS","Baltimore Orioles",69,58,108,34,22,0,82,32,295
"2024","David Hamilton","SS","Boston Red Sox",73,47,116,28,22,0,80,33,294
"2023","Jorge Polanco","2B","Minnesota Twins",77,38,137,48,36,0,88,4,292
"2023","Anthony Rizzo","1B","New York Yankees",91,45,141,41,35,1,97,0,292
"2024","Nicky Lopez","2B","Chicago White Sox",96,40,117,21,37,0,67,5,291
"2024","Jon Singleton","1B","Houston Astros",83,46,137,42,47,0,111,0,291
"2024","Jorge Polanco","2B","Seattle Mariners",89,43,148,45,46,3,137,4,291
"2025","Tommy Edman","2B","Los Angeles Dodgers",78,49,132,49,19,0,61,3,291
"2025","Jared Triolo","SS","Pittsburgh Pirates",75,41,118,24,39,1,76,13,287
"2023","Ji Hwan Bae","2B","Pittsburgh Pirates",77,54,104,32,30,0,92,24,283
"2023","Kyle Farmer","2B","Minnesota Twins",86,49,137,46,23,0,86,2,282
"2023","Zack Gelof","2B","Athletics",72,40,136,32,26,1,82,14,279
"2025","Daniel Schneemann","2B","Cleveland Guardians",78,48,134,41,38,1,117,9,279
"2024","Jose Iglesias","2B","New York Mets",91,39,121,26,12,1,39,6,275
"2025","Nick Gonzales","2B","Pittsburgh Pirates",99,39,138,30,21,0,73,0,275
"2024","Richie Palacios","2B","Tampa Bay Rays",59,46,84,21,45,2,67,19,273
"2023","Cavan Biggio","2B","Toronto Blue Jays",68,54,107,40,40,0,88,5,271
"2025","Ramon Urias","2B","Houston Astros",85,33,135,44,27,0,88,3,269
"2025","Jake Burger","1B","Texas Rangers",84,43,149,53,12,0,93,1,262
"2023","Yuli Gurriel","1B","Miami Marlins",73,32,107,27,26,3,44,4,258
"2023","Alex Kirilloff","1B","Minnesota Twins",76,35,125,41,28,1,80,1,256
"2024","Anthony Rizzo","1B","New York Yankees",77,38,113,35,27,0,65,0,252
"2024","Donovan Solano","1B","San Diego Padres",81,31,118,35,22,0,65,2,248
"2024","Jonah Bride","1B","Miami Marlins",64,30,107,39,30,1,55,0,246
"2024","Spencer Torkelson","1B","Detroit Tigers",75,45,128,37,33,0,105,0,246
"2025","Rhys Hoskins","1B","Milwaukee Brewers",66,30,116,43,38,2,91,2,246
