Player Name,Team,Innings Pitched (IP),Hits Allowed (H),Earned Runs (ER),Walks Issued (BB),Strikeouts (K),Saves (SV),Blown Saves (BS),Holds (HD)
Tarik Skubal,DET,188,144,57,38,228,0,0,0
Paul Skenes,PIT,184.1,143,56,46,221,0,0,0
Garrett Crochet,BOS,180.1,144,61,47,221,0,1,0
Logan Webb,SFG,192.2,182,71,44,183,0,0,0
Cristopher Sánchez,PHI,185,166,66,46,180,0,0,0
Chris Sale,ATL,156,128,55,41,192,0,0,0
Yoshinobu Yamamoto,LAD,160.1,130,58,47,174,0,0,0
Cole Ragans,KCR,153.1,122,58,54,190,0,0,0
Framber Valdez,DET,186,165,72,61,173,0,0,0
Jesús Luzardo,PHI,175.1,150,71,54,193,0,0,0
Max Fried,NYY,179.1,157,66,53,170,0,0,0
Hunter Brown,HOU,178.1,151,69,58,193,0,0,0
Dylan Cease,TOR,168,140,69,64,199,0,0,0
Sonny Gray,BOS,166.2,153,70,43,176,0,0,0
Jacob deGrom,TEX,157,129,60,36,177,0,0,0
Bryan Woo,SEA,182.2,150,69,38,184,0,0,0
Ranger Suarez,BOS,164.2,157,67,47,148,0,0,0
Logan Gilbert,SEA,164.1,135,63,37,184,0,0,0
Joe Ryan,MIN,168,145,71,39,185,0,0,0
Kevin Gausman,TOR,177.2,161,77,51,174,0,0,0
George Kirby,SEA,164,150,66,31,160,0,0,0
Zack Wheeler,PHI,129.1,105,47,35,149,0,0,0
Nathan Eovaldi,TEX,152.2,133,62,37,148,0,0,0
Kyle Bradish,BAL,135.1,116,54,43,146,0,0,0
Chase Burns,CIN,129,108,51,40,152,0,0,0
Freddy Peralta,NYM,162.1,133,68,60,181,0,0,0
Michael King,SDP,155.2,136,64,54,163,0,1,0
Brandon Woodruff,MIL,144.1,122,60,39,153,0,0,0
Drew Rasmussen,TBR,151.1,135,61,39,138,0,0,0
José Soriano,LAA,169.2,151,71,73,157,0,0,0
Eury Pérez,MIA,143.2,119,62,47,160,0,0,0
Nick Pivetta,SDP,167.2,142,73,50,183,0,0,0
Jack Flaherty,DET,156.2,140,70,54,173,0,0,0
MacKenzie Gore,TEX,155.2,137,68,59,175,0,0,0
Blake Snell,LAD,126.1,98,48,54,155,0,0,0
Kris Bubic,KCR,137.1,125,57,45,133,0,1,1
Matthew Boyd,CHC,157.2,144,68,44,144,0,0,0
Shohei Ohtani,LAD,113,90,42,34,134,0,0,0
Spencer Strider,ATL,155,133,68,56,180,0,0,0
Sandy Alcantara,MIA,176,170,81,51,148,0,0,0
Tanner Bibee,CLE,174,159,77,52,163,0,0,0
Aaron Nola,PHI,163.2,154,76,45,161,0,0,0
Andrew Abbott,CIN,164,154,75,51,149,0,0,0
Nick Lodolo,CIN,152,140,68,39,154,0,0,0
Tyler Glasnow,LAD,128.2,102,53,48,151,0,0,0
David Peterson,NYM,159.2,153,70,61,142,0,0,0
Mitch Keller,PIT,175.2,173,84,53,154,0,0,0
Brady Singer,CIN,166,161,81,53,154,0,0,0
Nolan McLean,NYM,151.1,132,62,57,149,0,0,0
Emmet Sheehan,LAD,133.1,110,58,43,152,0,0,0
Luis Castillo,SEA,172,156,74,48,160,0,0,0
Trevor Rogers,BAL,146.1,138,65,47,127,0,0,0
Shane McClanahan,TBR,115,100,47,35,122,0,0,0
Yusei Kikuchi,LAA,165.2,157,78,59,168,0,0,0
Merrill Kelly,ARI,158.1,149,72,47,143,0,0,0
Casey Mize,DET,144.2,141,66,39,126,0,0,0
Trey Yesavage,TOR,131.2,108,56,55,147,0,0,0
Michael Wacha,KCR,162,160,78,48,125,0,0,0
Ryan Pepiot,TBR,166.2,142,75,58,170,0,0,0
Bubba Chandler,PIT,143.1,133,66,51,135,0,0,0
Bailey Ober,MIN,158.1,152,77,37,144,0,0,0
Braxton Ashcraft,PIT,132.2,128,57,42,119,0,1,1
Zac Gallen,ARI,176.1,166,82,57,167,0,0,0
Clay Holmes,NYM,144,138,62,54,119,0,5,0
Grayson Rodriguez,LAA,116.2,106,51,39,123,0,0,0
Shane Baz,BAL,155.1,142,72,52,153,0,0,0
Shota Imanaga,CHC,153.1,140,68,33,140,0,0,0
Gavin Williams,CLE,162.2,142,72,69,166,0,0,0
Robbie Ray,SFG,169.2,150,80,66,176,0,0,0
Edward Cabrera,CHC,133.2,114,59,52,143,0,0,0
Jack Leiter,TEX,162.2,144,77,64,157,0,0,0
Chris Bassitt,BAL,165,161,78,55,150,0,0,0
Joe Musgrove,SDP,126,118,55,33,120,0,0,0
Cody Ponce,TOR,123.2,114,55,40,127,0,0,1
Cam Schlittler,NYY,131.1,116,57,50,131,0,0,0
Braxton Garrett,MIA,115.2,113,52,27,103,0,0,1
Reid Detmers,LAA,135.1,123,64,50,147,0,1,0
Sean Manaea,NYM,133.2,117,62,41,140,0,0,0
Jacob Misiorowski,MIL,139,113,63,63,157,0,0,0
Carlos Rodón,NYY,139.2,118,63,50,148,0,0,0
Zebby Matthews,MIN,123,119,56,32,121,0,0,0
Brayan Bello,BOS,154,150,73,53,126,0,0,0
Shane Smith,CHW,157,139,72,58,154,0,0,0
Foster Griffin,WSN,126.2,120,58,41,115,0,0,0
Tatsuya Imai,HOU,149,133,70,62,148,0,0,0
Brandon Pfaadt,ARI,164,168,82,38,144,0,0,0
Shane Bieber,TOR,102.1,95,42,25,96,0,0,0
Michael McGreevy,STL,137,141,63,33,93,0,0,0
Jameson Taillon,CHC,153,152,75,36,119,0,0,0
Matthew Liberatore,STL,151,150,73,46,124,0,1,0
Taj Bradley,MIN,131,123,64,46,127,0,0,0
Tyler Mahle,SFG,129.1,123,58,40,107,0,0,0
Cade Horton,CHC,127.2,115,55,40,110,0,0,0
Cade Cavalli,WSN,135.1,133,64,48,114,0,0,0
Gerrit Cole,NYY,110.1,98,48,33,111,0,0,0
Steven Matz,TBR,123.2,123,57,34,102,0,1,1
Reynaldo López,ATL,131,122,58,46,129,0,2,1
Quinn Priester,MIL,142,137,65,46,116,0,0,0
Ryne Nelson,ARI,157.1,155,74,43,130,0,0,0
Dustin May,STL,141.2,131,67,53,127,0,0,0
Landen Roupp,SFG,120.2,114,55,48,112,0,0,0
Kodai Senga,NYM,123.2,106,54,53,127,0,0,0
Joey Cantillo,CLE,126,110,55,54,132,0,0,1
Chad Patrick,MIL,140.1,133,67,47,132,0,0,0
Hunter Greene,CIN,75.1,60,31,24,90,0,0,0
Noah Cameron,KCR,146.1,141,69,48,123,0,0,0
Adrian Houser,SFG,140.1,145,68,47,101,0,0,0
Eduardo Rodriguez,ARI,132.1,132,65,47,118,0,0,0
Bryce Miller,SEA,142.1,130,66,41,127,0,0,0
Jeffrey Springs,ATH,160.2,158,81,51,137,0,0,0
Justin Verlander,DET,127.2,124,63,41,107,0,0,0
Simeon Woods Richardson,MIN,132,126,67,50,119,0,0,0
Seth Lugo,KCR,153.2,151,75,50,130,0,0,0
Luis Severino,ATH,167,168,86,53,134,0,0,0
Parker Messick,CLE,116,111,52,38,105,0,0,0
Logan Henderson,MIL,100.1,89,45,30,101,0,0,0
Kyle Freeland,COL,158.1,181,90,42,116,0,0,0
Mason Miller,SDP,64,39,18,24,98,33,4,2
Zack Littell,WSN,138.1,142,69,29,105,0,0,0
Mike Burrows,HOU,126,114,58,44,122,0,0,0
Jacob Lopez,ATH,125.1,110,60,50,128,0,0,0
Andre Pallante,STL,131,134,64,51,90,0,1,0
Nick Martinez,TBR,142,142,70,38,110,0,1,1
Zach Eflin,BAL,138.1,144,68,27,107,0,0,0
Max Meyer,MIA,125.1,123,60,41,114,0,0,0
Cade Smith,CLE,68.1,52,22,20,88,32,5,3
Ryan Weathers,NYY,122.2,111,54,41,118,0,0,0
Will Warren,NYY,123,116,59,44,123,0,0,0
Spencer Schwellenbach,ATL,65.2,59,26,14,64,0,0,0
Dean Kremer,BAL,131.1,128,64,40,112,0,0,1
Justin Steele,CHC,72.1,66,29,19,68,0,0,0
Jared Jones,PIT,82,74,36,27,85,0,0,0
Rhett Lowder,CIN,104.1,104,51,33,83,0,0,1
Grant Taylor,CHW,80.1,67,31,31,96,6,2,14
Grant Holmes,ATL,121.2,114,57,46,121,0,1,1
Roki Sasaki,LAD,106,96,49,43,101,0,0,1
Ian Seymour,TBR,98.1,89,44,30,96,0,0,1
Jhoan Duran,PHI,66.2,54,21,20,77,33,4,2
Cristian Javier,HOU,137.2,125,72,58,124,0,0,0
Griffin Jax,TBR,63,50,22,17,80,18,6,12
Slade Cecconi,CLE,149.1,149,76,38,123,0,0,0
Kumar Rocker,TEX,96,92,46,31,85,0,0,1
Chris Paddack,MIA,119,125,64,30,93,0,0,0
José Berríos,TOR,118.1,114,57,36,100,0,0,1
Hunter Barco,PIT,79.1,73,36,32,73,0,0,1
Robby Snelling,MIA,78.1,77,36,28,68,0,0,0
Edwin Díaz,LAD,65,47,22,22,89,36,5,2
Aaron Civale,ATH,121.1,119,63,39,105,0,0,0
Bryan Abreu,HOU,67.1,51,23,28,90,11,4,20
Davis Martin,CHW,151,152,77,53,117,0,0,0
Logan Allen,CLE,117.2,119,59,45,95,0,0,0
Jose Quintana,COL,127.1,140,72,49,89,0,0,0
Johan Oviedo,BOS,94.2,84,45,41,90,0,0,1
Aroldis Chapman,BOS,55.2,40,19,24,77,28,4,2
Jacob Latz,TEX,101.1,90,47,47,95,0,1,2
Anthony Kay,CHW,122,120,60,48,99,0,1,0
Lucas Giolito,,112.1,109,57,44,101,0,0,0
Michael Lorenzen,COL,141.1,152,81,51,112,0,0,0
Devin Williams,NYM,64.2,47,23,27,84,31,4,3
Patrick Sandoval,BOS,76,73,35,33,72,0,0,1
Jeremiah Estrada,SDP,66.2,51,25,26,88,3,2,22
Miles Mikolas,WSN,142.1,154,77,33,94,0,0,0
Connelly Early,BOS,47.2,42,20,18,49,0,0,1
Brad Lord,WSN,98.2,97,47,33,79,1,0,1
Abner Uribe,MIL,66.2,52,24,29,78,17,3,16
Hunter Dobbins,STL,84,84,41,27,63,0,1,1
Bryce Elder,ATL,115.2,120,60,40,95,0,0,1
Luis Morales,ATH,113,106,57,45,100,0,0,0
Michael Soroka,ARI,95.1,85,45,35,96,1,0,2
Garrett Whitlock,BOS,64,56,24,18,71,5,2,19
Max Scherzer,TOR,79.1,76,40,21,77,0,0,0
Kyle Leahy,STL,113.2,113,56,42,93,0,3,2
Ryan Feltner,COL,100,106,57,41,82,0,0,0
Carmen Mlodzinski,PIT,74.1,70,31,25,67,0,2,3
Andrés Muñoz,SEA,62.2,46,20,25,78,34,5,2
Brandon Sproat,MIL,74,69,35,28,63,0,0,1
J.T. Ginn,ATH,73.2,70,35,26,69,0,0,1
David Bednar,NYY,60.2,49,23,20,72,32,4,2
Andrew Painter,PHI,98.1,98,51,36,83,0,0,1
Will Vest,DET,64.2,57,24,20,66,8,4,15
Hunter Harvey,CHC,52.1,45,19,15,56,4,3,16
Adrian Morejon,SDP,65,57,25,20,65,3,2,16
Luis Gil,NYY,97.1,82,46,47,97,0,0,0
Randy Vásquez,SDP,128.2,133,69,46,89,0,0,0
Orion Kerkering,PHI,63,54,25,23,67,2,4,16
Sean Burke,CHW,142.2,137,76,62,134,0,0,0
David Festa,MIN,52,48,24,18,53,1,0,1
Matt Strahm,KCR,63,53,25,19,68,3,3,19
Kyle Harrison,MIL,75.2,69,36,30,76,0,0,2
Robert Gasser,MIL,70,65,31,23,64,0,0,2
Janson Junk,MIA,80,85,41,18,59,0,0,1
Joe Boyle,TBR,75,61,35,40,82,0,0,1
Mick Abel,MIN,114.2,110,60,52,103,0,3,0
Matt Brash,SEA,60.2,50,21,24,72,4,2,19
José Alvarado,PHI,57,49,22,21,64,4,3,13
Trevor Megill,MIL,62.2,51,24,22,75,19,6,8
Lance McCullers Jr.,HOU,85.1,79,44,43,82,0,0,0
Ben Brown,CHC,53.2,47,22,17,60,0,0,1
Drew Anderson,DET,69,60,30,29,79,0,0,4
Cody Bradford,TEX,62.2,60,30,15,55,0,0,1
Patrick Corbin,,92.1,99,50,31,74,0,0,0
Pete Fairbanks,MIA,60,52,24,21,62,26,5,3
Richard Fitts,STL,109.2,109,54,36,86,0,0,1
Jose A. Ferrer,SEA,65.1,59,25,18,61,3,4,19
Ryan Walker,SFG,61.2,56,24,19,64,23,4,5
Gabe Speier,SEA,58,46,22,16,69,1,3,19
Josh Hader,HOU,49.1,35,18,18,66,24,3,2
Aaron Ashby,MIL,75.1,67,30,34,77,1,1,12
Chris Martin,TEX,51.2,48,20,11,51,7,3,13
Robert Suarez,ATL,66,57,26,20,69,11,5,14
Chase Dollander,COL,118.2,123,72,53,101,0,0,0
Griffin Canning,SDP,99.1,96,49,38,87,0,0,1
Garrett Cleavinger,TBR,61.2,48,23,22,75,7,4,20
Ryan Weiss,HOU,76.1,71,37,30,74,0,0,1
Jeff Hoffman,TOR,62,50,25,22,74,26,4,3
Ryan Helsley,BAL,62.2,53,25,23,70,29,7,1
Kutter Crawford,BOS,77.1,70,37,22,76,0,0,3
Alex Vesia,LAD,60.2,47,24,25,75,2,3,22
Aaron Bummer,ATL,60.2,56,25,22,62,0,1,9
Tanner Scott,LAD,63.1,53,25,26,71,5,6,19
Tomoyuki Sugano,COL,115,133,67,28,73,0,0,0
Fernando Cruz,NYY,58,45,23,26,78,2,2,18
Stephen Kolek,KCR,67.2,70,32,21,49,0,0,1
Louis Varland,TOR,65,60,27,19,65,4,1,15
Daniel Palencia,CHC,64.1,54,27,26,71,29,4,3
Colin Rea,CHC,82,82,40,23,66,0,0,1
Spencer Arrighetti,HOU,92,84,47,40,91,0,0,1
Bryan King,HOU,63.1,57,25,18,63,1,2,20
Raisel Iglesias,ATL,63.1,56,26,17,67,26,4,4
Troy Melton,DET,59.1,55,26,19,53,0,0,3
Trevor McDonald,SFG,63,62,29,22,50,0,0,1
Alex Cobb,,42,40,19,13,33,0,0,1
Lucas Erceg,KCR,61.1,55,25,22,59,6,4,18
Jonah Tong,NYM,31.2,26,13,13,35,0,0,1
Jared Koenig,MIL,62.2,56,25,21,63,2,2,18
Dylan Lee,ATL,64,56,26,18,70,2,3,17
Caleb Thielbar,CHC,60.1,52,25,19,62,2,2,19
Payton Tolle,BOS,49.2,45,23,17,50,0,0,1
Camilo Doval,NYY,62,52,25,30,69,5,5,16
Corbin Burnes,ARI,35,31,14,11,34,0,0,0
Jordan Montgomery,TEX,52,53,26,17,41,0,0,0
Andrew Alvarez,WSN,51.1,50,24,20,39,0,0,1
Edwin Uceta,TBR,62,51,25,23,74,9,2,15
Robert Garcia,TEX,60.2,53,25,22,65,18,5,9
Matt Svanson,STL,64,59,26,23,60,6,1,12
Cole Sands,MIN,66,61,29,20,64,5,2,13
Gregory Soto,PIT,59.2,54,25,24,64,4,2,17
Jon Gray,,45,45,23,15,39,0,1,0
Sam Hentges,SFG,44,40,17,15,44,0,1,4
Tyler Holton,DET,68.2,62,27,17,57,1,2,15
Emilio Pagán,CIN,65,56,29,22,71,26,5,4
Kevin Ginkel,ARI,60.1,55,26,21,62,16,4,11
Tyler Rogers,TOR,67.1,68,28,13,46,3,3,23
Andrew Nardi,MIA,51.2,44,22,20,62,1,3,9
Connor Prielipp,MIN,58,57,27,23,54,0,0,2
Jason Adam,SDP,52,43,20,18,56,1,3,21
A.J. Minter,NYM,48,40,18,17,53,1,3,17
Jimmy Herget,COL,71,71,35,23,65,2,2,9
Tyler Wells,BAL,69,64,33,17,63,0,0,5
Sean Newcomb,CHW,73.1,68,33,31,70,1,0,6
Bryan Baker,TBR,61.1,52,26,22,67,2,3,13
JoJo Romero,STL,61.2,56,24,24,58,12,3,19
Shawn Armstrong,CLE,66.2,60,28,20,66,3,2,16
Phil Maton,CHC,63.1,53,26,23,68,6,3,19
Steven Okert,HOU,62,52,27,22,69,1,3,12
Tommy Nance,TOR,54.1,51,23,17,51,0,1,8
Drew Pomeranz,LAA,54.1,48,23,18,59,3,2,12
Bennett Sousa,HOU,50.2,43,20,17,55,1,1,9
Graham Ashcraft,CIN,62.1,62,28,21,54,2,3,16
Tanner Banks,PHI,59,56,26,16,55,0,2,11
Braydon Fisher,TOR,50.2,42,21,21,57,1,1,6
Brooks Raley,NYM,55.2,49,23,18,54,2,2,16
Brusdar Graterol,LAD,41.1,38,16,12,35,0,1,4
Hurston Waldrep,ATL,52.2,50,26,24,46,0,0,0
Brant Hurter,DET,51,47,21,16,46,0,1,6
Jack Dreyer,LAD,49.2,44,21,17,48,1,2,11
Dennis Santana,PIT,65,60,28,22,60,24,3,5
Martín Pérez,ATL,48.2,50,25,18,37,0,0,0
Tobias Myers,NYM,63.1,62,28,19,54,0,0,5
Luis Garcia,,50.1,48,23,18,47,1,2,9
Hayden Birdsong,SFG,52,47,26,26,52,0,0,1
Kody Funderburk,MIN,62.1,58,27,25,59,4,3,14
Justin Slaten,BOS,61,57,27,20,57,2,3,12
Kyle Finnegan,DET,61.2,57,27,21,58,6,5,14
Tyler Anderson,LAA,85,86,46,34,66,0,0,0
Pierson Ohl,COL,43,46,22,10,36,0,1,2
Marcus Stroman,,56.1,60,30,22,40,0,0,0
Brendon Little,TOR,52,44,21,28,56,0,3,13
Germán Márquez,SDP,100.2,110,58,36,74,0,0,0
Justin Topa,MIN,61.1,61,27,19,51,5,3,14
Andrew Kittredge,BAL,56.1,52,23,15,56,5,3,17
Jovani Morán,BOS,52.1,47,23,23,55,0,1,7
Sawyer Gipson-Long,DET,38.2,36,18,10,35,0,0,3
Jake Irvin,WSN,109,111,59,36,82,0,0,0
Paul Blackburn,NYY,63.1,63,31,20,54,0,0,6
Erik Miller,SFG,59,50,23,31,63,3,2,14
Justin Wilson,,40.2,37,17,15,44,0,2,6
José Urquidy,PIT,90.2,93,49,30,69,0,0,1
Brad Keller,PHI,65.1,60,28,24,60,4,2,17
Angel Zerpa,MIL,59.1,56,25,20,55,0,2,12
Yimi García,TOR,53,44,22,19,58,4,5,9
Luke Weaver,NYM,67.1,59,29,21,72,5,3,19
Matt Gage,SFG,53.1,52,23,18,46,0,1,6
Caleb Ferguson,CIN,56,53,26,22,53,0,3,11
Blake Treinen,LAD,56.1,50,25,23,61,1,4,15
Taylor Rogers,MIN,57.1,52,26,24,59,14,2,7
JP Sears,SDP,57.2,55,29,16,50,0,0,1
Mark Leiter Jr.,ATH,62.2,58,29,24,67,6,4,15
Charlie Morton,,51.2,50,28,24,53,0,0,0
Eduard Bazardo,SEA,64,55,27,21,65,1,0,10
Erik Sabrowski,CLE,59.1,47,25,33,71,2,1,17
Jordan Wicks,CHC,28.2,28,13,9,25,0,0,1
Tanner Gordon,COL,63.2,73,38,16,48,0,0,1
Danny Coulombe,BOS,41.1,36,17,15,41,0,1,4
Justin Wrobleski,LAD,53.1,51,25,18,48,0,0,3
Tyler Kinley,ATL,59.2,52,28,24,63,2,2,13
Clarke Schmidt,NYY,27.1,24,12,9,27,0,0,1
A.J. Puk,ARI,31.1,27,12,10,36,4,2,5
Hoby Milner,CHC,61.1,60,27,18,52,0,2,13
Christian Scott,NYM,32.2,30,15,9,31,0,0,1
Luis Medina,ATH,77.2,74,40,36,70,0,0,1
Riley O'Brien,STL,62.2,56,26,28,63,15,5,13
Kenley Jansen,DET,56.2,48,25,20,57,22,3,2
Tony Santillan,CIN,66.1,59,30,29,69,5,3,19
Mason Englert,TBR,62,59,28,18,57,0,1,8
Thomas White,MIA,29.2,26,14,16,30,0,0,0
Ryan Bergert,KCR,60,58,31,24,51,0,0,1
Eric Lauer,TOR,57.2,54,27,19,55,0,0,2
Yennier Cano,BAL,55.2,53,24,20,52,2,4,17
Josh Sborz,TEX,48.1,44,22,19,49,0,2,7
John Schreiber,KCR,61.1,58,28,22,56,1,3,18
Jonathan Cannon,CHW,90.2,95,50,32,68,0,0,1
Ben Joyce,LAA,43,36,18,19,47,9,5,9
Justin Martinez,ARI,23.2,18,9,13,29,2,1,3
Dietrich Enns,BAL,60,60,28,20,55,0,1,10
Robert Stephenson,LAA,53.1,46,24,17,58,10,3,10
Luis García,NYM,56,53,25,21,50,0,2,11
Juan Mejia,COL,64.1,61,32,29,65,3,3,14
Pierce Johnson,CIN,59,54,27,23,64,1,3,13
Jakob Junis,TEX,61.2,59,27,16,53,0,1,7
Brenan Hanifee,DET,55.2,57,24,16,41,0,1,10
Alek Manoah,LAA,80.1,78,43,36,68,0,0,0
River Ryan,LAD,40.2,39,20,16,34,0,0,1
Erick Fedde,CHW,95.2,98,53,37,68,0,0,0
Gage Jump,ATH,31,30,15,11,27,0,0,0
Taijuan Walker,PHI,111.2,118,63,41,78,0,1,1
Brandon Williamson,CIN,64.1,63,33,24,55,0,0,1
Sam Moll,CIN,43,39,21,18,42,0,1,5
Jordan Romano,LAA,59,54,29,22,62,5,3,12
Mason Montgomery,PIT,59.2,54,26,26,64,2,2,12
Keaton Winn,SFG,30,30,14,9,26,0,0,1
Seranthony Domínguez,CHW,59.1,49,26,28,64,21,5,6
Anthony Bender,MIA,60.1,55,26,23,56,2,3,17
Brock Stewart,LAD,33.2,29,15,13,39,0,2,8
Yoendrys Gómez,TBR,59.1,53,28,24,58,0,0,1
Kyle Wright,CHC,41.2,40,22,18,37,0,0,0
Andrew Chafin,MIN,46.1,42,21,23,49,0,2,5
Josiah Gray,WSN,104,104,62,44,90,0,0,0
Jordan Leasure,CHW,61.2,52,28,26,69,7,5,14
Carlos Estévez,KCR,63.2,58,29,22,57,29,5,2
Ryan Gusto,MIA,49.2,50,26,17,44,0,0,1
Victor Vodnik,COL,63,62,31,31,60,17,4,7
Justin Lawrence,PIT,57.1,52,26,27,56,1,3,12
Quinn Mathews,STL,40.2,38,20,24,36,0,0,0
Hunter Gaddis,CLE,65.2,58,28,20,64,5,3,24
Keider Montero,DET,56.1,56,28,19,47,0,0,1
George Klassen,LAA,39.2,38,20,18,36,0,0,1
Mitchell Parker,WSN,56,57,29,19,43,0,0,1
Josh White,MIA,39.2,35,18,17,41,0,0,1
Kyle Hurt,LAD,35.2,32,16,16,36,0,0,1
Jason Foley,SFG,25.2,25,10,7,22,0,1,1
Kai-Wei Teng,HOU,42.1,39,21,18,43,0,0,1
Ian Hamilton,ATL,45.1,41,20,20,46,0,1,5
Clayton Beeter,WSN,61.1,51,27,32,69,15,4,11
Kevin Kelly,TBR,42.2,41,19,11,37,0,3,5
Carson Whisenhunt,SFG,29,29,14,11,24,0,0,1
Spencer Turnbull,,35,36,19,15,27,0,0,0
Evan Sisk,PIT,47.2,45,21,21,46,0,0,6
Tyler Alexander,TEX,69.2,71,36,19,58,1,1,5
Cade Povich,BAL,24,22,11,9,24,0,0,1
Ryan Thompson,ARI,62.2,62,28,19,51,6,4,19
Brock Burke,CIN,60,58,28,20,55,0,2,12
Ryan Fernandez,STL,47,43,22,22,47,0,1,5
Jack Perkins,ATH,27,23,12,11,28,0,0,1
Cristian Mena,ARI,24.2,23,11,9,23,0,1,1
Coleman Crow,MIL,18.2,16,8,6,20,0,0,1
Ryan Johnson,LAA,24.1,24,11,8,22,0,1,2
Javier Assad,CHC,57.2,55,26,21,48,0,0,3
Gavin Stone,LAD,24,24,12,8,21,0,0,1
Keegan Akin,BAL,65,59,29,24,66,2,3,16
Ricky Tiedemann,TOR,22.2,20,11,11,24,0,0,1
Spencer Bivens,SFG,68,69,31,21,51,0,0,9
Greg Weissert,BOS,63.1,61,29,22,56,1,4,16
Gordon Graceffo,STL,61.2,62,30,20,50,0,1,7
Huascar Brazobán,NYM,53,48,24,23,50,1,2,10
Blade Tidwell,SFG,34.2,34,17,14,30,0,0,1
Grant Wolfram,BAL,39.1,38,19,17,37,0,0,4
Drew Thorpe,CHW,42.1,42,23,16,32,0,0,0
Calvin Faucher,MIA,63.2,60,29,27,63,6,3,14
Emerson Hancock,SEA,64.2,64,32,21,50,0,0,1
Kendry Rojas,MIN,31.2,31,15,13,29,0,0,1
Ryan Brasier,TEX,43.2,41,20,13,38,0,1,4
Jake Bird,NYY,53.2,48,24,22,54,0,5,8
DJ Herz,WSN,25.1,22,11,12,28,0,0,1
Isaac Mattson,PIT,63,57,30,28,59,2,3,14
Kirby Yates,LAA,54.2,45,24,25,65,9,2,10
JT Brubaker,SFG,56,54,26,21,48,0,0,6
Jason Alexander,HOU,52,53,26,18,40,0,0,1
PJ Poulin,WSN,58,54,26,25,56,2,3,12
Nick Mears,KCR,59.1,55,28,23,57,0,3,14
Bryan Hudson,NYM,33.2,30,15,14,32,0,1,4
Cooper Criswell,SEA,53.2,52,24,17,43,0,0,3
Eric Orze,MIN,59,54,28,26,57,0,1,6
Ryan Yarbrough,NYY,63.2,61,30,19,51,0,1,3
Gregory Santos,SFG,43.2,42,19,20,38,3,6,6
Colin Selby,BAL,40.1,36,18,17,41,0,1,1
Tim Herrin,CLE,52,45,22,25,53,0,3,12
Tanner Houck,BOS,20.2,22,11,7,17,0,0,0
Matt Festa,CLE,57.2,52,27,21,56,1,2,12
Brent Headrick,NYY,48.1,43,21,16,50,0,1,4
Ryne Stanek,STL,56.1,51,27,26,58,3,4,13
Félix Bautista,BAL,10,7,4,5,14,0,0,1
Jaden Hill,COL,44.2,44,22,18,43,0,3,3
Evan Phillips,LAD,19.1,17,7,6,21,1,1,3
Shane Drohan,MIL,28,25,13,11,29,0,0,1
Philip Abner,ARI,25.2,24,12,10,24,0,1,1
Luke Little,CHC,20,16,8,12,22,0,0,1
Ronel Blanco,HOU,18.1,17,9,7,19,0,1,1
Carlos Rodriguez,MIL,31.2,29,15,13,29,0,0,1
Kohl Drake,ARI,23,23,11,9,20,0,0,0
Scott Barlow,ATH,55,48,26,29,58,4,3,11
JR Ritchie,ATL,22,22,11,9,18,0,0,0
Yaramil Hiraldo,BAL,33,30,15,12,34,0,1,3
Mason Fluharty,TOR,40.2,36,18,17,42,0,2,2
Brady Basso,ATH,43.2,42,19,16,39,0,0,4
Dauri Moreta,,27.1,23,12,12,31,0,1,2
Justin Bruihl,STL,47.1,45,22,18,42,0,2,9
José Buttó,SFG,62.2,57,28,26,57,2,2,13
Austin Gomber,TEX,24,25,14,7,17,0,0,0
Hayden Wesneski,HOU,24.1,22,11,7,23,0,0,1
Cole Sulser,TBR,50.2,47,23,17,46,0,1,5
Jalen Beeks,TEX,43,40,19,16,39,0,3,3
Brandon Eisert,CHW,54.1,51,25,20,52,0,1,6
Austin Warren,NYM,38.1,36,18,14,35,0,0,2
Ty Johnson,TBR,11.2,10,6,4,12,0,0,0
Walker Buehler,SDP,47.1,48,26,19,39,0,0,0
Brennan Bernardino,COL,56,56,28,25,51,1,2,9
DL Hall,MIL,54.1,49,24,24,51,0,1,5
Zak Kent,MIN,24.2,23,12,11,23,0,0,1
Joe Jiménez,ATL,17.1,15,7,6,20,0,1,1
McCade Brown,COL,36.2,37,21,16,34,0,0,1
Jacob Webb,CHC,54.1,49,25,21,51,0,2,9
Noah Schultz,CHW,22,22,11,11,18,0,0,0
Manuel Rodríguez,TBR,12,11,5,4,11,0,0,2
Brandon Walter,HOU,7.1,7,3,1,7,0,0,0
Nick Raquet,STL,29,28,13,10,23,0,1,1
Mitch Farris,LAA,24.1,24,13,11,21,0,0,0
Mitch Bratt,ARI,12.2,13,6,3,11,0,0,0
Liam Hendriks,MIN,22.1,20,11,8,22,2,0,1
Wade Miley,,31.1,33,17,12,21,0,0,0
Wandy Peralta,SDP,57.1,53,24,24,49,0,3,8
David Morgan,SDP,59.2,54,26,26,60,0,2,7
James McArthur,KCR,26,26,12,8,23,1,2,3
Yohan Ramírez,PIT,50,47,24,21,50,0,2,6
Cody Laweryson,MIN,21.2,21,10,7,18,0,0,1
Justin Hagenman,NYM,22.2,22,10,6,20,0,0,1
Ty Madden,DET,22,21,11,9,19,0,0,1
Julian Fernández,WSN,44,40,20,16,43,0,2,4
Cade Gibson,MIA,60.2,60,27,24,48,0,3,7
John King,MIA,44.1,48,20,13,29,0,2,4
José Suarez,ATL,30.1,29,14,10,29,0,0,1
Yariel Rodríguez,TOR,36.1,32,16,17,36,0,0,5
Steven Cruz,KCR,40.2,37,19,17,37,0,1,5
Bradgley Rodriguez,SDP,44.1,40,20,20,40,0,1,4
Yerry De los Santos,NYY,37.2,37,17,14,30,0,0,2
Luinder Avila,KCR,31.2,29,14,13,29,0,0,1
Cal Quantrill,TEX,20,21,11,7,15,0,0,0
Mason Barnett,ATH,33.2,33,18,14,28,0,0,1
Paul Sewald,ARI,52,48,26,17,52,9,4,10
Rob Zastryzny,MIL,46,43,21,17,42,0,1,4
Trevor Williams,WSN,23,24,12,7,19,0,0,1
Joey Lucchesi,SFG,39.2,39,18,14,31,0,0,2
Sammy Peralta,MIL,15.2,15,7,5,13,0,0,1
Ron Marinaccio,SDP,40.1,37,19,18,38,0,2,2
Zack Kelly,BOS,56.1,52,27,25,54,0,2,8
Sean Guenther,DET,13.1,13,6,4,11,0,0,2
Tony Gonsolin,,16.1,15,8,7,15,0,0,0
Anthony Banda,MIN,55.1,51,26,25,53,0,1,8
Reiver Sanmartin,SFG,27.2,29,12,9,21,0,0,2
Andre Granillo,WSN,41,37,20,17,39,2,1,5
Dylan Dodd,ATL,42,43,20,11,36,0,1,3
Justin Sterner,ATH,64.2,59,30,23,65,10,4,12
Ethan Roberts,CHC,38.1,36,18,15,36,0,0,3
Andrew Morris,MIN,17.1,17,8,5,15,0,0,1
Chase Silseth,LAA,48.1,44,23,22,47,0,0,4
Ryan Watson,BOS,31,31,15,11,27,0,0,2
Tristan Beck,SFG,27,26,12,9,23,0,0,1
Tanner McDougal,CHW,24.2,24,13,11,21,0,0,0
Brandon Young,BAL,23.1,23,12,7,21,0,0,1
Jordan Hicks,CHW,55,53,26,25,50,1,1,7
Anthony Nunez,BAL,18,16,8,7,19,0,0,1
Alex Lange,KCR,46.1,41,21,25,48,0,1,5
Seth Halvorsen,COL,51.2,52,27,23,47,6,4,5
Tyler Uberstine,BOS,12,12,6,4,11,0,0,1
Michael Fulmer,SFG,14.1,13,6,6,14,0,0,1
Caden Dana,LAA,82.1,80,47,36,71,0,0,0
Cionel Pérez,WSN,56.2,55,27,29,49,2,2,13
Kyle Nicolas,CIN,38,35,18,19,38,0,1,2
AJ Blubaugh,HOU,43.1,41,21,18,40,0,0,2
Dane Dunning,SEA,14.1,14,7,5,12,0,0,0
Gabriel Hughes,COL,21.1,24,12,8,16,0,0,1
Chase Lee,TOR,21,20,9,7,20,0,1,1
Jonathan Loáisiga,ARI,42,42,18,14,35,0,4,5
Porter Hodge,CHC,32.1,28,15,17,35,0,2,5
Dylan Ross,NYM,30,25,13,16,31,0,1,2
Bailey Falter,KCR,66.1,67,34,22,49,0,0,2
Trey Gibson,BAL,7.1,7,4,3,6,0,0,0
Adbert Alzolay,NYM,42.1,39,19,14,40,0,2,2
Tink Hence,STL,9.1,9,5,4,8,0,0,0
Jonathan Bowlan,PHI,54.1,52,25,19,51,0,2,7
Didier Fuentes,ATL,11,12,6,4,10,0,0,0
Kyle Backhus,PHI,40.1,39,19,16,38,0,1,11
Miguel Ullola,HOU,17,12,8,9,19,0,0,1
Tim Mayza,PHI,23.2,24,11,8,19,0,1,2
Danny Young,ATL,15.1,14,7,6,16,0,0,3
Chris Roycroft,STL,39,39,19,18,31,0,2,2
Grant Anderson,MIL,56.2,52,27,22,56,0,2,8
Joel Payamps,ATL,51.1,49,24,16,47,0,1,10
Yuki Matsui,SDP,48.1,43,22,22,49,0,2,5
Matt Waldron,SDP,18,18,10,6,14,0,0,0
Austin Peterson,CLE,26,27,13,7,19,0,0,1
Nestor Cortes,,13,12,7,4,11,0,0,0
Braden Nett,ATH,24,24,13,12,20,0,0,1
Adam Macko,TOR,14.2,14,7,7,14,0,0,0
Paxton Schultz,WSN,40,38,19,15,37,0,0,2
Welinton Herrera,COL,17.2,18,9,8,17,0,0,1
Hayden Harris,ATL,33.2,29,15,14,35,0,0,3
Angel Bastardo,TOR,16.1,15,8,7,16,0,0,1
José Leclerc,,35.1,31,16,16,37,0,4,1
Easton McGee,MIL,27.1,26,13,9,23,0,0,1
Jake Bennett,BOS,20.1,21,10,7,16,0,0,1
Jhony Brito,SDP,19.2,19,9,6,16,0,0,1
Connor Phillips,CIN,51.2,44,25,25,55,3,0,6
Pete Hansen,STL,8,9,4,3,5,0,0,0
Nate Pearson,HOU,43.2,40,22,20,42,0,1,3
Richard Lovelady,WSN,27.1,26,13,10,24,0,1,3
Gus Varland,WSN,31.1,31,15,13,29,0,0,2
Jonathan Pintaro,NYM,21.1,20,10,11,21,0,0,1
Hunter Stratton,ATL,18,17,9,6,16,0,1,2
Doug Nikhazy,CLE,25.1,24,13,12,22,0,0,1
Elvis Alvarado,ATH,60,53,28,29,62,4,2,11
Zach McCambley,PHI,38.1,36,19,16,37,0,0,4
Enyel De Los Santos,HOU,58.1,54,28,22,56,0,2,9
Travis Adams,MIN,58.2,60,31,21,47,0,2,5
Pedro Avila,CLE,34,33,17,14,30,0,0,2
Brent Suter,LAA,59.2,61,29,18,47,0,1,8
Edgardo Henriquez,LAD,35.1,32,17,16,36,0,2,4
Colton Gordon,HOU,34,34,16,10,30,0,0,1
Franco Aleman,CLE,16,14,7,7,17,0,0,1
John Klein,MIN,40,40,20,14,34,0,0,2
Colin Holderman,CLE,39.2,37,19,17,37,0,2,4
Jean Cabrera,PHI,10.1,11,6,4,7,0,0,0
Spencer Miles,TOR,10.1,10,5,4,10,0,0,0
Tim Hill,NYY,63,66,28,18,37,1,2,11
Kervin Castro,NYY,26.2,24,13,12,25,0,0,2
Mitch Spence,KCR,26.1,27,13,8,21,0,0,2
Carlos Hernández,CLE,12.2,12,6,5,12,0,0,1
Elmer Rodríguez,NYY,7,6,3,3,6,0,0,1
Kade Strowd,ARI,59,56,27,27,54,1,2,12
Sam Aldegheri,LAA,35.2,37,21,16,27,0,2,0
Brycen Mautz,STL,14.2,14,7,5,13,0,0,1
John Brebbia,COL,37.2,40,21,14,37,0,1,4
Brody Hopkins,TBR,6.2,6,3,3,6,0,0,0
Ryan Webb,CLE,7,7,4,3,5,0,0,0
Joe Rock,TBR,21.1,21,10,7,17,0,0,1
Henry Baez,ATH,13.2,13,6,5,11,0,0,1
Luis Curvelo,TEX,32.1,30,16,14,29,0,3,2
Jedixson Paez,CHW,25,26,12,7,20,0,0,2
Hagen Smith,CHW,18.2,16,10,13,19,0,0,0
Mason Black,KCR,43.1,44,24,18,36,0,0,1
Bryan Hoeing,SDP,13.2,13,6,4,11,0,0,1
Evan Reifert,TBR,11.2,10,5,6,13,0,0,1
Jack Kochanowicz,LAA,47.2,52,26,19,30,0,0,1
Carson Spiers,CIN,5.2,7,4,2,5,0,0,0
Daison Acosta,SDP,16,13,7,8,18,0,0,2
Ben Kudrna,KCR,12.1,12,7,5,9,0,0,1
Lou Trivino,PHI,19,19,10,8,16,0,0,1
AJ Smith-Shawver,ATL,8.2,8,4,3,9,0,0,1
Griff McGarry,WSN,45,37,21,26,49,0,0,5
Jhonathan Díaz,SEA,6,6,3,2,5,0,0,0
Drew Sommers,DET,17,17,8,7,14,0,0,1
Landon Knack,LAD,22,21,12,9,20,0,0,1
Jose Corniell,TEX,17.2,16,8,6,16,0,0,1
Riley Martin,CHC,16.2,15,8,9,17,0,0,1
Derek Law,ARI,18,18,8,6,15,0,1,1
Brendan Beck,NYY,11.1,11,5,3,10,0,0,1
Craig Kimbrel,NYM,24,20,11,12,28,0,1,1
Bryse Wilson,PHI,23.2,26,13,7,16,0,0,0
Michael Kopech,,39,32,19,23,43,0,1,5
Jhancarlos Lara,ATL,14,12,6,8,15,0,0,1
Chase Petty,CIN,43.2,45,25,20,34,0,0,1
Nick Sandlin,LAA,31,27,15,14,31,0,2,4
Thomas Harrington,PIT,16.1,17,9,5,13,0,0,0
Scott Effross,DET,14,15,7,5,10,0,1,1
Shawn Dubin,ARI,13.1,13,7,6,12,0,0,2
Héctor Neris,KCR,14.1,13,7,7,15,0,1,2
Chris Murphy,CHW,40.1,37,19,19,37,0,2,3
Sean Sullivan,COL,7.2,8,5,2,6,0,0,0
Peyton Gray,TEX,10,10,5,4,10,0,0,0
Nolan Hoffman,PHI,17,16,9,8,16,0,0,1
Garrett Hawkins,SDP,23.1,21,11,10,23,0,0,1
Matt Pushard,STL,50.2,49,24,19,44,0,0,7
Ryan Lambert,NYM,12.2,11,6,6,14,0,0,1
Alan Rangel,PHI,23.1,23,12,8,19,0,0,1
Ben Casparius,LAD,54.1,52,27,20,52,0,0,8
Ryan Borucki,CHW,14.1,13,6,6,13,0,1,1
Jackson Wolf,SDP,9.1,9,4,4,9,0,0,0
Carson Seymour,SFG,22.2,22,10,9,20,0,0,1
Kyle Hart,SDP,34.1,33,17,13,30,0,0,1
Nick Burdi,NYM,8,7,3,4,9,0,0,1
Kolby Allard,CLE,25,26,12,8,19,0,0,2
Jackson Jobe,DET,8.2,8,4,4,7,0,0,0
Jared Lyons,CIN,6.1,7,4,3,5,0,0,0
Marco Gonzales,SDP,7,8,4,2,5,0,0,0
Marco Raya,MIN,20.2,20,10,10,19,0,0,1
Keegan Thompson,COL,38,37,20,17,37,0,0,3
Cole Irvin,LAD,9,10,5,2,6,0,0,0
Tyler Samaniego,BOS,34.1,35,17,14,29,0,0,3
Tayler Saucedo,LAA,26.1,26,13,11,23,0,1,1
Tyler Phillips,MIA,66.2,69,32,22,49,2,1,12
Tommy Kahnle,,49.2,46,24,23,45,1,2,6
Trent Thornton,CHC,24.1,23,12,8,21,0,0,2
Taylor Clarke,ARI,53.2,53,26,15,45,0,1,6
Daniel Lynch IV,KCR,58.1,58,27,19,45,0,1,8
Brandyn Garcia,ARI,50.2,49,23,23,45,0,0,7
Sauryn Lao,,5.2,5,3,2,5,0,0,0
Craig Yoho,MIL,35.1,31,16,16,35,0,0,1
Luke Jackson,,40.2,38,19,19,37,1,2,3
Julian Aguiar,CIN,34.2,35,19,11,26,0,0,1
Collin Snider,CHC,10.1,10,5,4,8,0,0,1
Yosver Zulueta,SEA,19.1,17,8,9,19,0,0,1
Daniel Robert,PHI,5.1,5,2,3,6,0,0,0
Riley Cornelio,WSN,8.2,9,5,4,6,0,0,0
Scott Alexander,SFG,26.1,27,12,9,19,0,1,2
Tucker Davidson,PHI,6,6,3,2,5,0,0,1
Yoniel Curet,PHI,7.1,7,4,4,6,0,0,0
Michel Otañez,TEX,19,16,9,11,23,0,1,2
Chen Zhong-Ao Zhuang,ATH,7.1,7,3,2,6,0,0,1
Dax Fulton,MIA,11.2,11,6,5,10,0,0,1
RJ Petit,COL,30.2,32,16,12,27,0,0,3
Juan Morillo,ARI,32.1,31,15,16,29,0,1,2
Beau Brieske,DET,44.1,42,22,19,38,0,2,6
Trevor Stephan,CLE,13.1,13,6,5,13,0,1,1
Ronan Kopp,LAD,13.1,11,6,8,15,0,0,1
Gunnar Hoglund,ATH,46.2,48,25,15,36,0,1,1
Jose Espada,BAL,14.2,13,7,7,15,0,0,1
Joey Gerber,NYM,14.2,14,7,5,14,0,0,2
Luis Perales,WSN,17,15,8,9,17,0,0,1
Emiliano Teodo,TEX,12.1,11,6,7,13,0,0,1
Lake Bachar,MIA,51,47,24,21,51,1,2,7
Chase Shugart,PHI,33.1,32,17,13,27,0,1,3
Will Klein,LAD,48,43,23,29,52,0,1,6
Tom Cosgrove,HOU,10.2,10,5,5,9,0,0,1
Tyson Neighbors,BAL,15,14,7,6,15,0,0,1
Jeff Criswell,COL,10.1,11,6,5,10,0,0,1
Tyler Gilbert,CHW,36,35,18,14,32,0,1,3
Tate Kuehner,MIL,8.2,8,4,4,8,0,0,1
Grant Holman,ARI,18.2,18,9,7,16,0,1,2
Dylan Smith,DET,23,21,10,9,19,0,0,1
Vince Velasquez,CHC,6,6,3,3,6,0,0,1
J.P. France,HOU,20.1,18,10,9,18,0,0,1
Josh Fleming,TOR,10,11,5,3,6,0,0,0
Max Lazar,PHI,37,37,18,12,29,0,1,2
Francis Peña,SDP,5.2,6,3,3,5,0,0,1
Eric Cerantola,KCR,12.1,11,6,7,12,0,0,1
Shane Murphy,CHW,17.1,18,9,4,12,0,0,1
Jake Bloss,TOR,10,10,5,4,9,0,0,1
Alex Carrillo,NYM,19.1,17,9,9,20,0,0,1
A.J. Causey,ATH,8.1,8,4,3,7,0,0,1
Duncan Davitt,CHW,16.2,17,8,5,14,0,0,1
David Sandlin,CHW,12.2,12,6,4,11,0,0,1
Jorge Alcala,TOR,19.1,18,10,8,20,0,1,2
Hogan Harris,ATH,63.1,58,30,29,61,8,1,12
Mike Clevinger,PIT,29.2,30,16,11,24,0,0,0
T.J. McFarland,,21,23,10,7,14,0,1,1
Josh Staumont,CIN,9.2,9,5,5,10,0,0,1
Seth Martinez,BOS,13.1,13,7,5,11,0,0,1
Matt Bowman,MIN,14.1,15,8,5,11,0,0,1
Angel Perdomo,LAA,11.1,9,6,6,12,0,0,0
Victor Mederos,LAA,26.1,26,14,11,21,0,1,1
Jorge López,,26,26,13,9,22,0,2,1
Blake Walston,ARI,9.1,10,5,5,9,0,0,1
Jose Franco,CIN,14.2,14,8,6,14,0,0,1
James Karinchak,ATL,19,16,9,10,22,0,0,1
Tejay Antone,CIN,12.2,13,7,5,11,0,0,1
Drey Jameson,ARI,58.2,57,27,24,53,2,4,8
Osvaldo Bido,NYY,17.1,16,9,7,16,0,0,0
Wilber Dotel,PIT,11.2,12,6,5,10,0,0,1
Lyon Richardson,CIN,22,22,11,11,19,0,0,1
Jesse Scholtens,TBR,31.2,31,16,10,29,0,0,1
Jackson Rutledge,WSN,59.2,59,31,23,52,2,1,10
Chayce McDermott,BAL,14.1,13,7,8,14,0,0,0
Peyton Pallette,CLE,41,38,20,17,40,0,0,4
Joel Peguero,SFG,50.1,50,24,21,41,2,1,7
Casey Lawrence,SEA,7.1,9,4,2,4,0,0,0
Tyler Mattison,DET,9,9,5,5,8,0,0,1
Zach Pop,PHI,23.1,24,12,8,18,0,0,2
Joe La Sorsa,PIT,6.2,7,3,2,5,0,0,0
Sam Bachman,LAA,40,39,20,19,34,0,3,3
Albert Suárez,BAL,24,24,12,8,20,0,1,1
Chad Green,,39.1,39,20,13,34,1,1,1
Drew Smith,WSN,26.1,24,13,11,26,0,0,2
Michael Petersen,MIA,26.1,25,13,11,24,0,1,2
Hunter Bigge,TBR,47,43,22,19,47,0,2,5
Lazaro Estrada,TOR,22,22,11,7,21,0,0,1
Casey Legumina,SEA,49.1,46,23,20,47,0,1,4
Alex Hoppe,SEA,12,12,6,6,10,0,0,1
Domingo Gonzalez,SEA,16.1,15,8,7,15,0,0,1
George Soriano,STL,41.1,40,21,17,38,0,1,3
Michael Tonkin,MIN,28,27,14,10,26,0,1,1
Dale Stanavich,MIA,9,9,4,5,8,0,0,1
Jake Eder,WSN,17.1,17,9,7,14,0,0,1
Shinnosuke Ogasawara,WSN,11.1,12,6,4,9,0,0,1
Tanner Rainey,DET,11.1,10,6,6,11,0,0,1
Andrew Walters,CLE,25.1,22,12,12,28,0,0,1
Andrew Hoffmann,ARI,32.2,32,16,13,30,0,4,3
Taylor Rashi,ARI,21.2,21,10,10,19,0,1,0
Triston McKenzie,SDP,6,6,4,3,5,0,0,0
Ken Waldichuk,WSN,13.1,12,7,6,13,0,0,1
Tyler Ferguson,ATH,47.2,42,23,24,47,1,2,8
Joel Hurtado,LAA,6,7,3,2,4,0,0,0
Julian Merryweather,MIN,8.2,9,5,4,8,0,0,3
Jake Miller,CLE,9,10,5,4,7,0,0,1
Yunior Marte,CIN,7.2,8,4,3,6,0,0,0
Guillo Zuñiga,SEA,6,6,3,2,5,0,0,1
Cole Winn,TEX,62.1,58,30,28,54,3,0,8
Walbert Urena,LAA,12,12,6,6,9,0,0,1
Carson Palmquist,COL,24,24,14,12,23,0,0,1
Cole Wilcox,SEA,19,19,9,7,15,0,0,1
Juan Burgos,ARI,26.2,27,13,11,22,0,1,2
Josh Ekness,MIA,13,13,7,6,11,0,0,1
Valente Bellozo,COL,15,16,9,4,11,0,0,1
Corbin Martin,CHC,9.1,9,5,5,8,0,0,1
Tyson Miller,CHW,5,5,3,2,4,0,0,1
Sam Benschoter,CIN,7.2,8,4,2,5,0,0,0
Alek Jacob,SDP,31.1,30,16,13,27,0,1,2
Chris Devenski,PIT,14.1,15,7,5,12,0,1,1
Dylan Coleman,NYY,5,4,3,4,5,0,0,0
Angel Chivilli,NYY,25.1,25,13,9,22,0,1,2
Génesis Cabrera,PHI,20,19,10,8,18,0,1,1
Luis Mey,CIN,29.1,27,15,18,27,0,2,2
William Kempner,MIA,20,19,10,10,19,0,0,1
Daysbel Hernández,ATL,31.2,28,15,18,33,0,1,4
Kevin Herget,NYM,7,7,3,2,5,0,0,0
Prelander Berroa,CHW,27.1,25,13,16,28,0,0,1
Tayler Scott,ATL,10.1,10,6,5,10,0,0,1
Gavin Hollowell,CHC,20.1,19,10,10,20,0,1,1
Scott Blewett,STL,20,20,10,7,15,0,0,1
Scott McGough,,26.1,26,14,11,23,0,1,1
Cade Winquest,NYY,28.1,28,15,11,23,0,0,2
Michael Darrell-Hicks,PIT,8,9,4,3,6,0,1,1
Joe Ross,ARI,19.2,20,10,7,16,0,1,1
Cameron Foster,BAL,23,23,12,9,20,0,0,1
Randy Dobnak,SEA,11,11,5,5,8,0,0,1
Josh Simpson,SEA,23.2,21,11,12,23,0,1,1
Colin Poche,DET,16.2,15,9,8,15,0,0,2
Rafael Montero,NYY,32,29,16,15,30,0,1,2
Ryan Harbin,PIT,21.2,21,11,12,20,0,0,2
Isaiah Campbell,ARI,22.2,26,12,9,16,0,1,1
Gavin Collyer,TEX,16,15,9,9,16,0,0,1
Jayden Murray,HOU,35.2,34,17,15,30,0,0,4
Ryder Ryan,LAD,7.2,8,4,3,6,0,0,1
Konnor Pilkington,DET,26.1,23,12,14,26,0,1,2
Dom Hamel,NYY,18.1,17,9,7,17,0,0,1
Brandon Waddell,NYM,14,15,7,6,11,0,0,1
Zach Brzykcy,MIA,8.1,8,5,5,8,0,0,0
Austin Love,STL,19.2,19,10,9,17,0,0,1
Garrett Acton,MIA,19.1,18,10,9,18,0,0,1
Rolddy Muñoz,ATL,15,15,8,7,14,0,0,1
Jaden Woods,PIT,14.1,14,7,7,12,0,0,1
Cam Sanders,PIT,24.2,23,13,14,23,0,0,1
Seth Johnson,PHI,20.1,20,11,10,18,0,0,1
Logan Gillaspie,SDP,18.2,19,10,6,15,0,1,1
Blas Castaño,SEA,10,10,5,4,7,0,0,1
Kendall Graveman,,31.1,30,16,15,27,0,1,1
Dan Altavilla,MIN,24.2,24,13,12,21,0,1,1
Jairo Iriarte,CHW,8.1,8,5,5,8,0,0,1
Nick Hernandez,ATH,12,13,7,6,13,0,0,0
Eduarniel Núñez,ATH,47,43,24,26,46,0,0,3
Nick Anderson,ATH,22,22,12,9,20,0,1,1
Carter Baumler,TEX,43.2,42,22,19,38,0,0,5
Bailey Horn,DET,35.1,34,17,17,32,0,1,3
Jackson Kowar,BAL,26.2,26,14,13,24,0,0,1
Kaleb Ort,LAA,24,22,12,11,24,0,0,2
Anthony Molina,ATL,17,19,10,5,13,0,0,0
Bobby Miller,LAD,21,20,11,10,20,0,0,1
Miguel Castro,,18,16,10,8,15,0,1,1
Samy Natera Jr.,LAA,21,19,11,12,21,0,0,1
Jack Neely,CHC,14,13,7,8,14,0,0,1
Alexis Díaz,TEX,49.2,43,26,25,49,3,2,3
Robinson Ortiz,SEA,31,28,14,15,28,0,0,1
Enmanuel De Jesus,DET,31.2,32,16,14,25,0,0,1
Logan VanWey,HOU,11,11,6,7,10,0,0,1
Ryan Loutos,SEA,17,17,9,7,14,0,1,1
Zach Maxwell,CIN,36.1,34,18,19,36,0,0,2
Paul Gervase,LAD,23,20,12,11,23,0,1,1
Brandan Bidois,PIT,38.1,37,20,19,36,0,0,2
Kyle Keller,BOS,22,21,12,11,22,0,0,1
Vinny Nittoli,BOS,13.1,13,8,5,12,0,0,0
Steven Wilson,TBR,44.1,40,23,19,42,0,2,5
Bradley Blalock,MIA,16.2,18,9,7,12,0,0,1
Joey Estes,ATH,32.2,33,18,9,25,0,0,1
Carlos Vargas,SEA,54.2,54,25,20,43,0,3,9
Hunter Strickland,LAA,18,18,10,8,14,0,1,1
Ryan Rolison,CHC,28.2,29,15,11,21,0,0,1
Ryan Zeferjahn,LAA,58.1,50,28,31,64,1,3,12
Mike Vasil,CHW,72.1,69,35,31,59,1,2,10
Ty Adcock,SDP,23,22,11,9,21,0,0,1
Marc Church,TEX,29,28,15,16,26,0,3,3
Troy Taylor,SEA,31.2,30,16,15,28,0,0,2
Eli Morgan,KCR,25,25,13,9,21,0,2,1
Andry Lara,WSN,34.1,36,19,15,27,0,0,1
Thomas Hatch,ARI,11,12,7,5,8,0,0,0
Connor Brogdon,CLE,48.1,46,25,20,47,0,1,5
Luis Guerrero,TBR,22.1,20,12,12,20,0,0,1
Ky Bush,CHW,18,19,11,11,13,0,0,0
Antonio Senzatela,COL,71.2,86,44,24,45,0,0,3
Orlando Ribalta,WSN,34.2,34,19,18,32,0,0,2
Yilber Díaz,ARI,24,23,12,16,23,0,0,2
Roddery Muñoz,HOU,50.1,47,27,24,50,0,0,7
Lucas Sims,CHW,14.1,13,9,9,13,0,1,1
Cole Henry,WSN,63,58,33,33,59,13,1,12
Rico Garcia,BAL,52.2,49,26,24,53,0,1,12
Alexander Alberto,CHW,25.2,26,15,14,20,0,0,2
Jayvien Sandridge,LAA,19.2,18,10,13,22,0,0,1
Wikelman González,CHW,47.2,43,24,30,47,0,0,3
Luis Peralta,COL,28.2,29,17,17,27,0,2,1
Michael Kelly,ATH,60,58,30,26,51,3,3,11
Zach Agnos,COL,56.1,58,32,24,44,4,2,7
